ID,Tool
19492,Disco Ø 125 * 1mm
19111,Mascara descartável (cirúrgica)
8195,Luvas pele (mecânico) Tam. 10
8194,Luvas pele (mecânico) Tam. 9
16900,Máscara Filtrante FFP2 sem válvula KN95
8191,Óculos de proteção
8193,Auricular (tampão descartável) SNR 30dB
15310,Luva de Latex
15861,Vidro transparente p/ máscara soldar 108*51
23569,Elétrodo Carvão - 8.0 mm
23619,Disco Ø 230 * 1.8(1.9)mm
30873,Disco Ø 125 * 1mm Premium
23609,Disco Ø 125 * 6mm
11225,Mascara de soldar Baby Fibra
8209,Máscara Filtrante FFP3 com válvula
14286,Fato Tyvek Branco Cat. 3 - XL
22304,Cadeado de consignação
15098,"Elétrodo E7018 2,5 mm"
14279,Filtro de Partículas P2 R 2128
19404,Trapos de Limpeza
5274,Balde
23608,Disco Ø 125 * 3.2mm
14285,Fato Tyvek Branco Cat. 3 - L
39230,Alicate de Massa Completo
13693,Acrílico de Viseira
15299,Luva Eletricista Tam. 9
15103,"Elétrodo E7018 3,2 mm"
14281,Filtro de Partículas P3 R 2138
21427,Marreta 2Kg
5276,Tabuleiro
39231,Alicate de Soldar completo
8207,Capacete Proteção (Delta Plus azul)
23568,Elétrodo Carvão - 6.0 mm
15552,Disco Lamelas Ø 125 G60
15344,Luvas pele (mecânico) Tam. 8
15859,Disco Lamelas Ø 125 G40
15687,Óculos proteção poeiras
23603,Disco Ø 125 * 2.5mm
15298,Luva Eletricista Tam. 8
22870,Sacos do Lixo Grandes
8196,Luvas de soldar / ArcAir
13744,Luva de Soldar em crute Tam. 9/10
30877,Disco Ø 125 * 6mm Premium
24052,Vidro transparente p/ máscara soldar 110*60
5230,Manómetro de Árgon / CO2 (Protar - Azoto)
25233,Desengordurante de limpeza (L)
5009,Chave de Pancada Luneta 36
14289,Luva de Soldar TIG
14239,Colete Refletor L/XL
16795,Luva de anti-corte Nº9
15300,Luva Eletricista Tam. 10
5232,Manómetro de Acetileno
16191,Vidro escuro p/ máscara soldar N11 108*51mm
13692,Suporte de viseira para capacete
5229,Manómetro de Oxigénio
5016,Chave de Pancada Luneta 41
8192,Franquelete 4 pontos (Delta Plus)
5008,Chave de Pancada Luneta 32
15772,Luva de borracha (proteção quimica)
5007,Chave de Pancada Luneta 30
5233,Debitómetro / Fluxómetro de coluna de esfera
7309,Grampo médio  - 500mm a 600mm
5025,Chave de Pancada Boca 36
7308,Grampo pequeno - 300mm a 400mm
23768,Garrafão água 18.9L
21366,Malho 5Kg
16913,Aloquete/Cadeado metálico 30mm
5017,Chave de Pancada Luneta 46
4999,Chave de Pancada Luneta 24
23769,Copos água (Manga de 100 Copos)
30875,Disco Ø 125 * 3.2mm Premium
24484,Elétrodo Tungsténio 2.4mm
15954,"Fio de Soldar ER70S-6 1,2 mm (bobines 15kg)"
5018,Chave de Pancada Luneta 50
16190,Vidro escuro p/ máscara soldar N10 108*51mm
27077,Abraçadeira de Serrilha médias (201-400mm)
19040,Luvas pele (mecânico) Tam. 11
24692,"Manilhas de 3/4"""
5026,Chave de Pancada Boca 41
23620,Disco Ø 230 * 6mm
26960,Spray Penetrante e Desbloq.(Antiferrugem)
5000,Chave de Pancada Luneta 27
14287,Fato Tyvek Branco Cat. 3 - XXL
33575,Máscara Filtrante FFP3 sem válvula
26563,Fita de Papel (Larga - 50mm)
30874,Disco Ø 125 * 2.5mm Premium
5028,Chave de Pancada Boca 46
5165,Chave de Pancada Boca 32
5021,Chave de Pancada Boca 30
17268,Aloquete/Cadeado metálico 40mm
13599,Meia-Máscara respiratória (6100-S; 6200-M; 6300-L)
7310,Alavanca 1500 - 1600mm
19238,Óculos de proteção escuros
5156,Chave de Pancada Luneta 55
23613,Disco Ø 180 * 1.6mm
15860,Disco Lamelas Ø 125 G80
24065,Caixa de Brocas Ferro 1 a 13 mm(HSS)
16794,Bateria de 5.5 Amp
14283,Fato Tyvek Cinza Cat. 1 - XL
95169,Mangueira Argon Encaixe M/F
14238,Colete Refletor S/M
8252,Fato oleado / chuva XL
24693,"Manilhas de 5/8"""
33366,Máscara Filtrante FFP2 com válvula
8197,Luva Nitrilo (punho malha) Tam. 9
19412,Óculos de proteção estanques (panorâmicos)
5158,Chave de Pancada Luneta 60
8251,Fato oleado / chuva L
19533,Fita sinalizadora vermelho/ branco 200MT
14282,Fato Tyvek Cinza Cat. 1 - L
23169,Balde Metálico
14280,Filtro de Partículas P3 R 2135
5164,Chave de Pancada Boca 24
24688,"Manilhas de 1/2"""
36089,"Conjunto de chaves pancada luneta - 24, 27, 30, 32, 36, 41, 46"
14278,Filtro de Partículas P2 R 2125
24908,Escopro/Talhadeira 25x220mm (Grande)
30671,Disco Ø 230 * 1.8mm Premium
5168,Chave de Pancada Boca 55
5159,Chave de Pancada Luneta 65
19407,Fita Métrica 3 Metros
5166,Chave de Pancada Boca 50
27703,Marcador a Óleo
11227,Mascara de soldar para capacete
16796,Luva de anti-corte Nº10
11266,Borrifador
24694,"Manilhas de 7/8"""
13690,Óculos Protecção Sobreposição
24053,Fita Cola Meivcore
27078,Abraçadeira de Serrilha grande (401-600mm)
32005,"Conjunto de chaves pancada bocas - 24, 27, 30, 32, 36, 41, 46"
27695,Marcador Fixolit
24997,Vidro transparente p/ máscara soldar 101*64
19440,"Bico contacto M8*1,2mm MIG"
24534,Rolo de Pintura pequeno
24060,Rolo Papel de Limpeza
32127,Tampões Descartáveis (auriculares)
22841,Escova de Aço
5363,"Chave para tubos 36"" (grifos)"
107060,Fio de soldar E71T 1C (OK 15.15/Filarc)
5296,Chave de Pancada Boca 27
27076,Abraçadeira de Serrilha pequenas (0-200mm)
5170,Chave de Pancada Boca 65
25307,"Pinça Gás-Lens 2,4MM 10N24"
23509,Martelo com Batente Redondo e Pena Esférica (Martelo Bola)
111717,Corda Guia
5180,Chave de Boca-Luneta 46
5354,Chave de Boca-Luneta 36
8198,"Luva Nitrilo (punho malha) Tam. 10	"
14276,Filtro de Vapores Orgânicos 6059 ABEK1
5169,Chave de Pancada Boca 60
27247,Catrabucha Carb. Reb. 125 Entrançada Plana
11257,Agulheta / Ferreta / Alavanca
8225,Grampo grande  - 800mm a 900mm
27403,Difusor Gás-Lens TIG 2.4mm 45V26
87255,Disco 125mm Cubitron II (3M) 982C / 1182C
24680,"Manilhas de 1"""
35181,Pistola Silicone
23096,"Capuz de soldador (cógula, coifa, gorro)"
23818,"Vareta TIG Aço Carbono ER 70S-6 2,4mm"
19441,"Bico contacto M8*1,4mm MIG"
15773,Manta Ignífuga 2000*1500
5160,Chave de Pancada Luneta 70
22886,Riscador Tipo Caneta 150 mm
16192,Vidro escuro p/ máscara soldar N12 108*51mm
29308,Mangueira para Argon 6mm(m)
95403,Mangueira Argon Purga Encaixe M
26717,Disco Ø 230 * 3.2mm
8204,Casaco Soldar Crute Tam. L
22842,Escova de Aço Inox
15184,"Elétrodo E309L 2,5 mm"
15187,"Elétrodo E316L 2,5 mm"
29024,Picadeira de Soldador
5364,"Chave para tubos 24"" (grifos)"
22642,"Chave Ajustável 12"" (francesa / inglesa)"
14618,"Chave Ajustável 24"" (francesa / inglesa)"
22849,Espátula/Betumadeira Pequena/Média/Grandes
5366,"Chave para tubos 18"" (grifos)"
23578,Fita Métrica 5 Metros
109372,Luvas Juba Tam. 9/10
5332,Chave de Boca-Luneta 50
16268,Chave de Boca-Luneta 41
22847,Vassoura Piaçaba Pequena
35660,Cerâmica Reforçada (Porcelana) 54N14 (Nº8)
23164,Alavanca 1200 - 1400mm
23618,Disco Ø 180 * 6mm
33015,Cunha em aço
15853,Bico corte oxi-acetileno 16/10 G1-A
23621,Disco Ø 230 * 7mm
62695,Corrente sinalização (m)
24917,Alcaiata macho M10 (Olhal de Suspensão)
24058,Pé de cabra 600mm
11402,"Cardan de impacto 3/4"""
24200,Lima paralela Murça com cabo
5161,Chave de Pancada Luneta 75
22897,Chave de Fenda p/ Parafusos 8x175(Grande)
22893,Alicate de Pressão (125-250 mm)
23120,"Redução Impacto 3/4 ""- 1/2"""
22896,"Chave de Fenda p/ Parafusos 6,5x150(Média)"
19112,Acrílico de Viseira (escuro)
22666,"Chave de Impacto 1/2"" 19 mm"
23122,"Redução Impacto 1"" - 3/4"""
23570,Nível 400 mm
11401,"Cardan de impacto 1/2"""
8205,Casaco Soldar Crute Tam. XL
22670,"Chave de Impacto 1/2"" 24 mm"
7991,"Chave de Impacto 3/4"" 46 mm"
24920,Alcaiata macho M16 (Olhal de Suspensão)
24918,Alcaiata macho M12 (Olhal de Suspensão)
32342,Difusor Gás/ Cerâmica MIG MAG para Tochas Não Refrigeradas 360
26690,Spray Desmoldante
30218,"Jogo bits sextavado 1/2"" ( 4mm - 19mm)"
5171,Chave de Pancada Boca 70
26041,Franquelete 3M
5331,Chave de Boca-Luneta 55
5356,Chave de Bocas 46-50
8256,"Fato Químico XL Tipo 3,4,5,6"
24912,Alcaiata fêmea M12 (Olhal de Suspensão)
35659,Cerâmica Reforçada (Porcelana) 54N15 (Nº7)
23622,Alicate Universal  (175 - 200 mm)
16613,Chave de Pancada Luneta 38
5329,Chave de Boca-Luneta 60
22403,Chave de Bocas 12-13
7976,"Chave de Impacto 1"" 36 mm"
22931,"Trincha Júnior 2"""
24201,Lima Meia Cana Murça com cabo
23248,Jogo Chaves Sextavada Longas Umbrako 1.5 a 10 mm
14284,Fato Tyvek Cinza Cat. 1 - XXL
14619,"Chave Ajustável 30"" (francesa / inglesa)"
5179,Chave de Bocas 36-41
23505,Alicate de Corte (150 a 200)
5181,Chave de Boca-Luneta 65
22664,"Chave de Impacto 1/2"" 17 mm"
13695,Joelheira (par)
24048,Fato Ignifugo L 210Gr
25005,Difusor Gás/Cerâmica MIGMAG para Tochas Refrigeradas 505W
38676,"Conjunto de chaves impacto curtas 1/2"" - 10, 12, 15 ,17, 19, 22, 24, 27, 30, 32"
27409,Cinta Aperto Rápido com roquete
24921,Alcaiata macho M20 (Olhal de Suspensão)
23796,Paquímetro Inox 0-155 mm
22673,"Chave de Impacto 1/2"" 30 mm"
5172,Chave de Pancada Boca 75
8208,Capacete de Proteção (3M)
23539,Folha de Lixa G80
22406,Chave de Bocas 16-17
15096,"Elétrodo E6013 2,5 mm"
24584,Lamela para Rebolo G40 40mm
5355,Chave de Bocas 41-46
30633,Ficha Schuko Macho 2P+T 16A (IP44/IP66)
34941,Paus de Giz quadrado/Cera
7996,"Chave de Impacto 3/4"" 36 mm"
19528,Bocal Cónico MIG/MAG 505 STD
22407,Chave de Bocas 18-19
24385,Esquadros médios (até 400mm)
24199,Limatão Redondo
30890,Disco Ø 230 * 6mm Premium
22978,Chave Sextavada Umbrako 14 mm
7973,"Chave de Impacto 1"" 46 mm"
23483,Chave de Estrelas Philips PH2 150x265 (médias)
23803,Maço Plástico (martelo)
22979,Chave Sextavada Umbrako 17 mm
7994,"Chave de Impacto 3/4"" 41 mm"
38723,Disco limpeza e decapante 150mm para rebolo
15104,"Elétrodo E7018 4,0 mm"
8199,Casaco Soldar Crute Tam. M
15185,"Elétrodo E309L 3,2 mm"
30086,Saca Rolamentos 2 Pernas médio
7972,"Chave de Impacto 1"" 50 mm"
33612,Broca SDS-PLUS 8x250mm
27406,Fio Sisal
8255,"Fato Químico L Tipo 3,4,5,6"
13479,Fato oleado / chuva XXL
30878,Disco Ø 180 * 1.6mm Premium
23170,Carregador de Baterias
22881,"Redução Impacto 1/2"" - 3/4"" ( Aumento)"
15854,Bico corte oxi-acetileno 20/10 G1-A
22895,"Chave de Fenda p/ Parafusos 5,5x100(Pequena)"
29157,Vidro escuro p/ máscara soldar N10 110*60
22410,Chave de Bocas 24-27
7970,"Chave de Impacto 1"" 60 mm"
23542,Folha de Lixa G120
26617,Luva Borracha (lavagens industriais) Nº10
26150,Lava mãos pasta
29158,Vidro escuro p/ máscara soldar N11 110*60mm
24922,Alcaiata macho M24 (Olhal de Suspensão)
33618,Broca SDS-PLUS 12x250mm
7971,"Chave de Impacto 1"" 55 mm"
5081,Chave de Luneta 18-19
26616,Luva Borracha (lavagens industriais) Nº9
8001,"Chave de Impacto 3/4"" 30 mm"
54166,Manga para ventilador pequeno
5086,Chave de Luneta 24-27
40105,Bocal Cónico MIG/MAG 360 STD
23767,Caixa de primeiros socorros
22930,Trincha Júnior 1 1/2
29344,Ponteira Isolada 2.5mm
28103,Spray Óleo de Corte
26116,"Manilha de 1+1/4"""
32478,Suporte Bico M8 MIG/MAG Tocha 360
23017,"Chave de Impacto Longa 3/4"" 36 mm"
7974,"Chave de Impacto 1"" 41 mm"
26842,NÃO USAR - Fresa Rotativa Cilíndrica 12x6 - NÃO USAR
22929,"Trincha Júnior 1"""
26562,Fita de Papel (fina - 25mm)
26436,Toldo de 20 a 40m2
23015,"Chave de Impacto Longa 3/4"" 30 mm"
35630,Cerâmica Reforçada (Porcelana) 54N16 (Nº6)
23780,Tesoura para Cortar Chapa
24051,Vidro transparente p/ máscara soldar 100*65
5080,Chave de Luneta 16-17
23107,Spray Lava-Olhos
24046,Fato Ignifugo M 210Gr
13732,Avental soldador
8011,"Chave de Impacto 3/4"" 19 mm"
29339,Ponteira Isolada 0.50mm
26840,NÃO USAR - Fresa Rotativa Cônica Ponta Redonda 12x6 - NÃO USAR
24914,Alcaiata fêmea M20 (Olhal de Suspensão)
5173,Chave de Pancada Boca 80
38675,"Conjunto de chaves impacto curtas 3/4"" - 17, 19, 22, 24, 27, 30, 32, 36, 41, 46"
24197,Punção de Bico
13735,Manguitos soldador (longos)
13733,Polainas soldador
24063,Caixa de Brocas Inox 1 a 13 mm(HSS-CO)
23544,Folha de Lixa G180
13691,Óculos de Oxicorte
22402,Chave de Bocas 10-11
15186,"Elétrodo E316L 3,2 mm"
23773,Apalpa Folgas 0.05 a 1 de 100mm
8250,Fato oleado / chuva M
24913,Alcaiata fêmea M16 (Olhal de Suspensão)
33613,Broca SDS-PLUS 10x250mm
24585,Lamela para Rebolo G40 60mm
27248,Catrabucha Carb. Reb. 125 Entrançada Taça
27766,Fresa WELDON HSS 14x30mm
23541,Folha de Lixa G100
7969,"Chave de Impacto 1"" 65 mm"
23617,Disco Ø 180 * 3.2mm
22982,Chave Sextavada Umbrako 19 mm
26561,Fita de Alumínio 50MT
5043,Chave de Luneta 12-13
24628,Pedra/ Mó Montada Cilíndrica Média para Rebolo
23545,Folha de Lixa G220
23795,Esquadros pequenos (até 250mm)
24915,Alcaiata fêmea M24 (Olhal de Suspensão)
5178,Chave de Bocas 30-32
13734,Manguitos soldador (curtos)
7967,"Chave de Impacto 1"" 75 mm"
22674,"Chave de Impacto 1/2"" 32 mm"
29579,Cabo Elétrico H07RN-F(FBBN) 5G10
29356,Ponteira Isolada Dupla 2.5mm
39942,Spray de limpeza industrial
29342,Ponteira Isolada 1mm
25321,Isolador Gás-Lens 54N01 (Vedante)
24690,"Manilhas de 1+1/8"""
23800,Compasso de bico 200 mm
32749,Auricular com esponja (tampão reutilizável) SNR 32dB
23611,Disco Ø 125 * 6.4mm - NÃO USAR CÓDIGO PHC
32785,Abraçadeira de Orelhas
13598,Máscara Panorâmica (6700-S; 6800-M; 6900-L)
27999,Toldo de 10 a 20m2
24049,Fato Ignifugo XL 210Gr
19442,"Bico contacto M8*1,6mm MIG"
5162,Chave de Pancada Luneta 80
26612,Rolo filme Preto
34912,Broca SDS-PLUS 6x250mm
15182,"Elétrodo E308L 2,5 mm"
71096,"Bico contacto M10*1,2mm MIG KEMPPI"
26715,Pincel para Ácido
24626,Pedra/ Mó Montada Cilíndrica Pequena para Rebolo
25004,Suporte Bico M8 MIG/MAG Tocha 505W
24916,Alcaiata macho M8 (Olhal de Suspensão)
26168,Fita Teflon
11403,"Cardan de impacto 1"""
26691,Spray Zinco
23538,Folha de Lixa G60
23821,Rascador Triangular
23577,Nível 1800 mm
26999,Decapante Antox ( Acido )
24911,Alcaiata fêmea M10 (Olhal de Suspensão)
22977,Chave Sextavada Umbrako 12 mm
23553,Régua de Alumínio 1.5 Mt
26611,Rolo filme transparente
31854,"Cabo Elétrico H07RN-F(FBBN) 3G2,5"
28760,Malho anti-ricochete 5Kg (borracha)
39828,Estropo de aço / espia  (seg. mangueiras)
22640,"Chave Ajustável 8"" (francesa / inglesa)"
5042,Chave de Luneta 10-11
22672,"Chave de Impacto 1/2"" 27 mm"
24386,Esquadros grandes 800 a 1000mm
19022,Bota PVC Biq. e Palm. Aço Tam. 43
23481,"Jogo Chaves Sextavada Longas Umbrako 1/16"" a 3/8"""
33503,Escovilhão com haste para rebolo carb.
19021,Bota PVC Biq. e Palm. Aço Tam. 42
15855,Bico corte oxi-acetileno 25/10 G1-A
5377,Chave de Pancada Luneta 34
22643,"Chave Ajustável 15"" (francesa / inglesa)"
80451,Vidro escuro p/ máscara soldar N9 108*51mm
22876,"Chave de Impacto Longa 3/4"" 24 mm"
23197,Alicate Pressão Apanha Tubos para soldadura
8007,"Chave de Impacto 3/4"" 24 mm"
5088,Chave de Luneta 30-32
57830,Altop
67855,"Conjunto chaves umbrako mm 12, 13, 14, 15, 16, 17, 18, 19, 20 , 22"
26710,Vareta TIG Aço Carbono ER 70S-6 3.2mm
33401,Lamela para Rebolo G60 40mm
29345,Ponteira Isolada 4mm
5163,Chave de Pancada Luneta 90
22660,"Chave de Impacto 1/2"" 13 mm"
22509,Chave de Pancada Boca 38
36823,Barraca soldador
23657,Broca de Ferro HSS 6mm
23108,Spray de Lavagem de Produtos Corrosivos e Irritantes(Diphoterine)
16536,"Chave Ajustável 18"" (francesa / inglesa)"
22404,Chave de Bocas 14-15
8000,"Chave de Impacto 3/4"" 32 mm"
33617,Broca SDS-PLUS 14x250mm
23822,Serrote de ferro(Serra)
71095,Bocal Cónico MIG/MAG KEMPPI
29347,Ponteira Isolada 10mm
71099,"Bico contacto M10*1,4mm MIG KEMPPI"
31818,"Jogo bits sextavado 1/4"""
26703,Carrapeta TIG Pequena WP 17/18/26 57Y04
22661,"Chave de Impacto 1/2"" 14 mm"
19023,Bota PVC Biq. e Palm. Aço Tam. 44
30085,Saca Rolamentos 2 Pernas pequeno
23121,"Redução Impacto 3/4"" - 1"" ( Aumento)"
7983,"Chave de Impacto 1"" 24 mm"
7966,"Chave de Impacto 1"" 80 mm"
8012,"Chave de Impacto 3/4"" 17 mm"
30087,Saca Rolamentos 2 Pernas grande
24910,Alcaiata fêmea M8 (Olhal de Suspensão)
30089,Saca Rolamentos 3 Pernas médio
23543,Folha de Lixa G150
32251,Painel de Vedação 350x190 em malha c bloco cimento
19444,Bico contacto M8*2.0mm MIG
23307,Nivelador de Flanges (conjunto)
22662,"Chave de Impacto 1/2"" 15 mm"
25320,Isolador frontal 18CG (Vedante)
5367,.
7979,"Chave de Impacto 1"" 32 mm"
27779,Fresa WELDON HSS 18x30mm
52019,Spray Tinta Acrílica
22659,"Chave de Impacto 1/2"" 12 mm"
27764,Fresa WELDON HSS 12x30mm
30286,Porta-identificação de fio 0.6-1.2mm²
22872,"Chave de Impacto Longa 3/4"" 19 mm"
23612,Disco Ø 125 * 7mm - NÃO USAR ESTE CÓDIGO
23575,Nível 1000 mm
74529,"Conjunto de chaves pancada bocas - 50, 55, 60, 65, 70, 75mm"
22667,"Chave de Impacto 1/2"" 20 mm"
77427,"Manilhas de 3/8"""
16819,Marreta Anti-Chispa 2kg
23482,Chave de Estrelas Philips PH1 80x185 (pequenas)
15852,Bico corte oxi-acetileno 12/10 G1-A
29431,"Encaixe Rápido Árgon, Macho 6mm"
24701,Isqueiro para Maçarico
31280,Broca SDS-PLUS 16x250mm
22512,Chave de Pancada Boca 85
24629,Pedra/ Mó Montada Cilíndrica Grande para Rebolo
74530,"Conjunto de chaves pancada luneta - 50, 55, 60, 65, 70, 75mm"
23560,Régua de Alumínio 3 Mt
26655,Jogo Saca Pernos - Machos Esquerdos
34883,Ficha tripla Fêmea Schuko borracha 2P+T
22668,"Chave de Impacto 1/2"" 21 mm"
31279,Broca SDS-PLUS 18x250mm
23815,Vareta TIG Inox ER316L 2.0mm
22665,"Chave de Impacto 1/2"" 18 mm"
38318,Expulsor/ Centrador para fresas 30m(Piloto)
30079,Canga grande (450-600)
67954,Esquadria magnética (Íman)
23816,Vareta TIG Inox ER316L 2.4mm
114589,"Elétrodo E7018-A1 2,5 mm"
8004,"Chave de Impacto 3/4"" 27 mm"
7982,"Chave de Impacto 1"" 27 mm"
30909,Pilha AA
23016,"Chave de Impacto Longa 3/4"" 32 mm"
27391,Cinta/Fita de Marcação de tubos (Esquadria)
26613,Luva Borracha (lavagens industriais) Nº8
29434,Jogo de vazadores até 30mm
15183,"Elétrodo E308L 3,2 mm"
39211,Jogo chaves pancada estrelas/fendas
23799,"Cardan 3/4"""
24583,Lamela para Rebolo G40 30mm
27685,Lâminas Serra-Sabre
29430,Encaixe rápido Árgon fêmea com canhão 6mm (com espiga)
30289,Porta-identificação de fio 6-10mm²
29352,Ponteira Isolada Dupla 0.50mm
53044,Bomba massa manual
23653,Broca de Ferro HSS 5mm
29353,Ponteira Isolada Dupla 0.75mm
29354,Ponteira Isolada Dupla 1mm
23832,Jogo Punções de Sacar Cavilhas de 2 a 8 mm
29475,"Cabo Elétrico H07V-K (FV) 1,5 AZUL"
22496,Chave de Pancada Luneta 85
29355,Ponteira Isolada Dupla 1.5mm
18766,Base magnética Universal de comparador
22548,Chave de Boca-Luneta 32
24587,Lamela para Rebolo G60 60mm
22889,Alicate Freios Int. Pontas Direitas 175 mm
26959,Óleo de Corte
24118,Suta Simples 200-300mm
18717,Bota PVC Biq. e Palm. Aço Tam. 41
23826,Escopro/Talhadeira 10x150mm (Pequeno/Médio)
27778,Fresa WELDON HSS 16x30mm
23649,Broca de Ferro HSS 4mm
23831,Jogo Punções de Arrombar de 4 a 8 mm
22408,Chave de Bocas 20-22
26713,Esfregão Scotch Brite
29346,Ponteira Isolada 6mm
32037,Broca SDS-PLUS 20x300mm
31562,Disco Ø 180 * 7mm Premium
29343,Ponteira Isolada 1.5mm
24556,Chave de Bocas 8-9
30287,Porta-identificação de fio 2-4mm²
28714,"Trincha Júnior 3"""
23616,Disco Ø 180 * 1.8mm
23785,"Roquete 1/2"""
4545,Máquina de Indução Magnética
27781,Fresa WELDON HSS 20x30mm
114775,Vidro transparente redondo p/ máscara soldar
5176,Chave de Bocas 25-28
4357,Chicote CEE - Schuko Triplo
5084,Chave de Luneta 20-22
24054,X-Ato - Xizato
7752,Extensão Tripla 220V
4282,Aparelho de soldar TIG
4460,Projetor LED a bateria
3251,Cilindro Hidráulico
4466,Projetor LED a bateria
23801,Compasso de pernas Int 200 mm
34367,Alcaiata macho M30 (Olhal de Suspensão)
5368,NÃO USAR
23559,Régua de Alumínio 2 Mt
22424,Chave de Pancada Luneta 35
4553,Caixa de Ferramenta Mecânico com Roquete e Agulheta
4558,Caixa de Ferramenta Mecânico com Roquete e Agulheta
4564,Caixa de Ferramenta Mecânico com Roquete e Agulheta
4560,Caixa de Ferramenta Mecânico c/ Roquete e Agulheta
4554,Caixa de Ferramenta Mecânico com Roquete e Agulheta
4563,Caixa de Ferramenta Mecânico com Roquete e Agulheta
27659,Corta tubos para tubos 3-35
5175,Chave de Luneta 36-41
23798,"Cardan 1/2"""
27252,Catrabucha Inox Reb. 125 Entrançada Plana
9765,Bomba Hidráulica 700 bar
9758,Cilindro Hidráulico Compacto 30 Ton
9769,Cilindro Hidráulico Compacto 10 Ton
9770,Cilindro Hidráulico 20 Ton
9766,Bomba Hidráulica 700 bar
9773,Cilindro Hidráulico 5 Ton
9789,Cilindro Hidráulico furado 30 Ton
9772,Cilindro Hidráulico 5 Ton
9848,Cilindro Hidráulico 60 TON
9774,Cilindro Hidráulico 50 Ton
9771,Cilindro Hidráulico 20 Ton
4338,"Aparafusadora de Impacto 3/4"""
9849,Cilindro Hidráulico 60 TON
9791,Cilindro Hidráulico 50 Ton
9844,Cilindro Hidráulico 20 Ton
4340,"Aparafusadora de Impacto 3/4"""
9768,Cilindro Hidráulico Compacto 10 Ton
8840,Cilindro Hidráulico 11 Ton
9764,Bomba Hidráulica 700 bar
4438,"Aparafusadora Pneumática de Impacto 1"""
4352,Chicote CEE - Schuko Triplo
9759,Cilindro Hidráulico Compacto 30 Ton
4439,"Aparafusadora Pneumática de Impacto 1"""
3120,Chicote 63 Amp. 5 Pinos - 32 Amp. 5 Pinos
4334,Chicote 63 Amp. 4 Pinos - 32 Amp. 4 Pinos
9790,Cilindro Hidráulico furado 30 Ton
4337,Chicote 32 Amp. 4 Pinos - 16 Amp. 4 Pinos
9760,Cilindro Hidráulico 10 Ton
4335,Tico-Tico (serra de recortes)
4562,Caixa de Ferramenta Mecânico com Roquete e Agulheta
8215,Chicote 63 Amp. 5 Pinos - 63 Amp. 4 Pinos
6381,Bomba Hidráulica c/ accionamento pneumático
4316,Retificadora a bateria diam. 125 mm
4461,Projetor LED a bateria
4530,Extensão CEE 16 Amp.
4319,Retificadora a bateria diam. 125 mm
3462,Extensão 32 Amp. 4 Pinos
4235,Extensão Tripla 220V
4348,Extensão 32 Amp. 4 Pinos
4430,Tico-Tico a bateria (serra de recortes)
4539,Mangueira de Ar
8843,Cilindro Hidráulico 10Ton (cunha)
4355,Chicote CEE - Schuko Triplo
8722,Antiqueda com chicote em V com amortecedor/absorvedor
8737,Antiqueda com chicote em V com amortecedor/absorvedor
8829,Cilindro Hidráulico 50Ton
8841,Cilindro Hidráulico 20Ton
8467,Chicote CEE - Schuko Triplo
8836,Cilindro Hidráulico Compacto 4 Ton
8830,Cilindro Hidráulico 50Ton
8834,Cilindro Hidráulico furado 30TON
8833,Cilindro Hidráulico furado 30TON
4440,"Aparafusadora Pneumática de Impacto 3/4"""
8831,Cilindro Hidráulico 50 Ton
8716,Extensão 32 Amp. 4 Pinos
8726,Chicote 32 Amp. 4 Pinos - 16 Amp. 4 Pinos
4463,Projetor LED a bateria
8832,Cilindro Hidráulico 50 Ton
8710,Extensão 32 Amp. 4 Pinos
8717,Extensão 32 Amp. 4 Pinos
8854,Caixa de Ferramenta Mecânico com Roquete e Agulheta
2828,Chicote CEE - Schuko Triplo
7980,"Chave de Impacto 1"" 30 mm"
4531,Extensão Tripla 220V
6677,Chicote CEE - Schuko Triplo
4561,Caixa de Ferramenta Mecânico com Roquete e Agulheta
10668,Chicote CEE - Schuko Triplo
4557,Caixa de Ferramenta Mecânico com Roquete e Agulheta
4552,Caixa de Ferramenta Mecânico c/ Roquete e Agulheta
4532,Extensão de Alicate
4535,Extensão de Alicate
4559,Caixa de Ferramenta Mecânico c/ Roquete e Agulheta
3003,Extensão de Alicate
4456,Projetor LED a bateria
4420,Bomba Hidráulica 700 bar
12447,Antiqueda com chicote em V com amortecedor/absorvedor
4555,Caixa de Ferramenta Mecânico
12471,Extensão Tripla 230V
4437,"Aparafusadora Pneumática de Impacto 1"""
12448,Antiqueda com chicote em V com amortecedor/absorvedor
8819,"Aparafusadora Pneumática de Impacto 3/4"""
12451,Arnês de Segurança
11820,Chicote CEE - Schuko Simples
4428,Bomba Hidráulica SKF 150 MPa
4421,Bomba Hidráulica 700 bar
9788,Cilindro Hidráulico furado 20 Ton
4309,Berbequim pedra / ferro
4444,Monorail (carrinho de vigas)
23659,Broca de Ferro HSS 6.50mm
27958,"Chave de Impacto longa 1"" 46 mm"
8812,Puxa 3 Ton (Diferencial Manual Alavanca / Camelão)
4556,Caixa de Ferramenta Mecânico com Roquete e Agulheta
8813,Puxa 3 Ton (Diferencial Manual Alavanca / Camelão)
12449,Antiqueda com chicote em V com amortecedor/absorvedor
8814,Puxa 3 Ton (Diferencial Manual Alavanca / Camelão)
12435,"Jogo de Chaves de Caixa 1/2"" com roquete"
12450,Arnês de Segurança
12434,"Jogo de Chaves de Caixa 1/2"" com roquete"
4333,Extensão 32 Amp. 4 Pinos
4331,Extensão 32 Amp. 4 Pinos
4336,Extensão 32 Amp. 4 Pinos
67856,"Conjunto de fresas Weldon HSS 12,14, 16, 18,20,22 mm"
7534,Contentor de Ferramenta Nº22
8662,Retificadora diam. 180 mm
8659,Retificadora diam. 180 mm
8815,"Aparafusadora Pneumática de Impacto 1/2"""
8816,"Aparafusadora Pneumática de Impacto 1/2"""
4283,Berbequim de ferro
4551,Caixa de Ferramenta Mecânico com Roquete e Agulheta
4397,Extensão Tripla 220V
30077,Canga pequena (até 250)
28920,Cabo Elétrico H05V-K (FV) 1x1 AZUL
8943,Chicote CEE - Schuko Triplo
27473,Massa cobreada / anti-gripante
8009,"Chave de Impacto 3/4"" 22 mm"
87472,Catrabucha Pincel Aço Carbono
4050,Chicote 32 Amp. 5 Pinos - 32 Amp. 4 Pinos
35108,Disco borracha 125mm (prato CUBITRON)
13628,Montagem de rolamento
109465,Punção de Alinhamentos
12438,"Jogo de Chaves de Caixa 1"" com roquete"
12789,Garra apanha tubos
12472,Mangueira de Ar (branca)
12432,"Jogo de Chaves de Caixa 1/2"" com roquete"
12042,Cinta Plana 3 Ton 3 Metros
12433,"Jogo de Chaves de Caixa 1/2"" com roquete"
12437,"Jogo de Chaves de Caixa 3/4"" com roquete"
11880,Diferencial de 5 Ton
13031,Chicote 63 Amp. 5 Pinos - 63 Amp. 4 Pinos
23500,Alicate Freios Ext. Pontas Direitas 125 mm
14817,Extensão de Alicate
27810,Jogo machos manuais M16
11849,Extensão 32 Amp. 4 Pinos
114590,"Elétrodo E7018-A1 3,2 mm"
14540,Maçarico de corte (Lança de corte)
14539,Maçarico de corte (Lança de corte)
14819,Cilindro Hidráulico 5 Ton
14818,Berbequim de base magnética
14820,Garra de Chapa
23103,Chave Boca-Luneta com Roquete 17 mm
25006,Guia Fio S/ Revestimento MIG(Bicha)
8784,Diferencial de 2 Ton
8782,Diferencial de 2 Ton
4423,Bomba Hidráulica 700 bar
4345,"Aparafusadora de impacto 1/2"""
4356,Chicote CEE - Schuko Triplo
30090,Saca Rolamentos 3 Pernas grande
4350,Extensão de Alicate
36526,Vidro escuro p/ máscara soldar N12 110*60mm
14801,Chave  dinamométrica para aperto de KM's
14800,Jogo Chaves manual para aperto KM's
14816,Chicote CEE - Schuko Simples
22671,"Chave de Impacto 1/2"" 25 mm"
3707,Aparelho de Soldar / arc-air portátil
4419,Bomba Hidráulica 700 bar
14106,Compasso para tocha plasma LC65/LC105
4457,Projetor LED a bateria
8900,Diferencial de 5 Ton
5087,Chave de Luneta 25-28
6110,Extensão Tripla 220V
7989,"Chave de Impacto 1"" 19 mm"
11881,Diferencial de 5 Ton
7978,"Chave de Impacto 1"" 33 mm"
14964,Extintor Pó-Químico ABC
3570,Extensão Tripla 220V
3571,Extensão Tripla 220V
6045,Extensão Tripla 220V
8661,Retificadora diam. 180 mm
23665,Broca de Ferro HSS 8mm
23651,Broca de Ferro HSS 4.50mm
29357,Ponteira Isolada Dupla 4mm
16287,Chicote 63 Amp. 4 Pinos - 63 Amp. 5 Pinos
8940,Extensão tripla 220V
9715,"Chave multiplicadora torque 3/4"" - 3/4"""
11039,Extensão Simples 220V
24675,Pedra/ Mó Montada Cónica Média para Rebolo
9014,Extensão 32 Amp. 4 Pinos
24117,Suta Simples 120-150mm
4346,"Aparafusadora de impacto 1/2"""
4300,Extensão Tripla 220V
8664,Retificadora diam. 180 mm
5079,Chave de Luneta 14-15
8676,"Diferencial de 1,5 Ton"
4724,Chicote CEE - Schuko Triplo
23503,Alicate Freios Ext. Pontas Direitas 300 mm
22399,Chave de Bocas 6-7
9021,"Chicote 32 Amp. 4 Pinos - 16 Amp. 4 Pinos	"
25325,Carrapeta TIG Media WP 17/18/26 57Y03
8880,Patins 30 Ton
8706,Extensão tripla 220V
16358,Chave de Boca-Luneta 24
8333,Caixa de Ferramenta Mecânico c/ roquete
8927,Extensão de Alicate
4055,Chicote 63 Amp. 5 Pinos - 32 Amp. 4 Pinos
17429,Berbequim angular a bateria
4938,Máquina de Alinhamentos SKF
4550,Extrator / Ventilador de Ar
22891,Alicate Freios Int. Pontas Direitas 300 mm
113562,Disco 180mm Cubitron II (3M) 982C  / 1182C
30990,Mascara de soldar JBO
8934,Extensão CEE - Schuko Simples
8894,Diferencial de 2 Ton
9022,Chicote 32 Amp. 5 Pinos - 32 Amp. 4 Pinos
9013,Extensão 32 Amp. 4 Pinos
8886,Puxa 3 Ton (Diferencial Manual Alavanca / Camelão)
8492,Chicote 63 Amp. 5 Pinos - 63 Amp. 4 Pinos
10043,Cinta Redonda 8 Ton 6 Metros
5220,Extensão 63 Amp. 4 Pinos
8493,Chicote 63 Amp. 5 Pinos - 63 Amp. 4 Pinos
9017,Chicote 63 Amp. 5 Pinos - 63 Amp. 4 Pinos
8889,Diferencial de 3 Ton
8930,Extensão CEE - Schuko Simples
8890,Diferencial de 3 Ton
8935,Extensão CEE - Schuko Simples
5213,Extensão 63 Amp. 4 Pinos
8899,Diferencial de 5 Ton
8908,Mangueira de Oxicorte
8896,Diferencial de 5 Ton
9012,Extensão 32 Amp. 4 Pinos
8329,Caixa de Ferramenta Mecânico c/ roquete
7968,"Chave de Impacto 1"" 70 mm"
9843,Bomba Hidráulica 700 bar
19450,Chicote 16 Amp. 4 Pinos - 32 Amp. 4 Pinos
19451,Chicote 16 Amp. 4 Pinos - 32 Amp. 4 Pinos
114776,Vidro escuro redondo p/ máscara soldar
63265,Chave Gancho Pancada 40-52
23525,Alicate para Rebitar
4245,Extensão Tripla 220V
6807,Chicote 32 Amp. 5 Pinos - 32 Amp. 4 Pinos
10036,Cinta Redonda 10 Ton 6 Metros
12502,Chicote 63 Amp. 5 Pinos - 32 Amp. 4 Pinos
12503,Chicote 63 Amp. 5 Pinos - 32 Amp. 4 Pinos
12508,Chicote 32 Amp. 5 Pinos - 16 Amp. 5 Pinos
12505,Chicote 32 Amp. 5 Pinos - 32 Amp. 4 Pinos
12509,Chicote 32 Amp. 5 Pinos - 16 Amp. 5 Pinos
4868,Extensão 32 Amp. 4 Pinos
7181,Berbequim de base magnética
30419,Lamela para Rebolo G40 50mm
14288,Luva de Soldar TIG Tam. 9 - NÃO USAR
4239,Extensão Tripla 220V- Perdido Contentor 22
4299,Extensão Tripla 220V- Perdido Contentor 22
4246,Extensão Tripla 220V- Perdido Contentor 22
12519,Chicote 16 Amp. 5 Pinos - 16 Amp. 4 Pinos
12707,Chicote CEE - Schuko Triplo
12518,Chicote 16 Amp. 5 Pinos - 16 Amp. 4 Pinos
23100,Chave Boca-Luneta com Roquete 13 mm
5040,Chave de Luneta 8-9
8332,Caixa de Ferramenta Mecânico c/ roquete
39223,Liquido Refrigerante (para semi-automáticas)
22481,Máquina de Alinhamentos de Polias SKF
14821,Garra de chapa
8823,Cilindro Hidráulico furado 20TON
31276,Alcaiata fêmea M30 (Olhal de Suspensão)
8714,Arnês de Segurança
4273,Aparelho de Soldar / Arc-air portátil
8334,Caixa de Ferramenta Mecânico c/ roquete
7542,Contentor de Ferramenta Nº30 (André Senos)
8721,Antiqueda com chicote em V com amortecedor/absorvedor
8692,Arnês de Segurança
8709,Arnês de Segurança
8698,Arnês de Segurança
8707,Arnês de Segurança
8703,Arnês de Segurança
8734,Antiqueda com chicote em V com amortecedor/absorvedor
8695,Arnês de Segurança
8725,Antiqueda com chicote em V com amortecedor/absorvedor
4232,Extensão Tripla 220V- Perdido Contentor 22
8681,Antiqueda com chicote em V com amortecedor/absorvedor
8682,Antiqueda com chicote em V com amortecedor/absorvedor
8729,Antiqueda com chicote em V com amortecedor/absorvedor
8731,Antiqueda com chicote em V com amortecedor/absorvedor
67359,Disco limpeza e decapante para Retificadora
8331,Caixa de Ferramenta Mecânico c/ roquete
4679,Chicote 32 Amp. 5 Pinos - 32 Amp. 4 Pinos
34009,Fio de marcação (Fio Blue)
4458,Projetor LED a bateria
4533,Extensão de Alicate
12507,Chicote 32 Amp. 5 Pinos - 32 Amp. 4 Pinos
8330,Caixa de Ferramenta Mecânico c/ roquete
4928,"Aparafusadora Pneumática de Impacto 3/4"""
4929,"Aparafusadora Pneumática de Impacto 3/4"""
8287,Cilindro Hidráulico 60 Ton (com travamento)
9494,Saca Rolamentos Hidraúlico
2913,Extensão de Alicate
23645,Broca de Ferro HSS 3mm
34948,Alcaiata rotativa macho M36 (Olhal de Suspensão)
8711,Arnês de Segurança
15016,Maçarico de propano
14036,Coluna de furar
15017,Maçarico de propano
14968,Esmeril
9018,"Chicote 63 Amp. 5 Pinos - 32 Amp. 5 Pinos	"
4540,Mangueira de Ar
8811,Puxa 3 Ton (Diferencial Manual Alavanca / Camelão)
4403,Extensão Tripla 220V
9100,Projetor LED a bateria
8780,"Diferencial de 2 Ton	"
10427,Chicote 32 Amp. 4 Pinos - 16 Amp. 4 Pinos
7197,Garra de Chapa
8382,"Manilha de 5/8"""
10403,Extensão 16 Amp. 4 Pinos
9224,Extrator / Ventilador de Ar
10421,Chicote 32 Amp. 4 Pinos - 16 Amp. 4 Pinos
8400,"Manilha de 7/16"""
8379,"Manilha de 5/8"""
9255,Bomba Hidráulica SKF 150 MPa
4707,"Aparafusadora Pneumática de Impacto 1/2"""
8402,"Manilha de 7/16"""
8380,"Manilha de 5/8"""
4710,"Aparafusadora Pneumática de Impacto 1/2"""
9762,Cilindro Hidráulico 10 Ton
8393,"Manilha de 1/2"""
8395,"Manilha de 7/16"""
6498,Cilindro Hidráulico furado 30TON
10405,Extensão 16 Amp. 4 Pinos
9129,Tico-Tico a bateria (serra de recortes)
8396,"Manilha de 7/16"""
6499,Cilindro Hidráulico furado 30TON
10416,Extensão 16 Amp. 4 Pinos
10424,Chicote 32 Amp. 4 Pinos - 16 Amp. 4 Pinos
8397,"Manilha de 7/16"""
8537,Cilindro Hidráulico de garrafa 20 T0N
8401,"Manilha de 7/16"""
10431,Chicote 32 Amp. 5 Pinos - 32 Amp. 4 Pinos
8398,"Manilha de 7/16"""
10343,"Jogo de Chaves de Caixa 1/2"" com roquete"
8365,"Manilha de 7/8"""
10344,"Jogo de Chaves de Caixa 1/2"" com roquete"
8360,"Manilha de 1"""
8356,"Manilha de 1"""
8390,"Manilha de 1/2"""
8388,"Manilha de 1/2"""
8392,"Manilha de 1/2"""
8389,"Manilha de 1/2"""
9128,Tico-Tico (serra de recortes)
8403,"Manilha de 1+1/8"""
4332,Extensão 32 Amp. 4 Pinos
4538,Mangueira de Ar
12452,Extensão tripla 220v
8877,Máquina de corte a plasma
8561,Cilindro Hidráulico 20 Ton
5174,Chave de Pancada Boca 90
15008,Cinta Plana 4 Ton 6 Metros
8327,Caixa de Ferramenta Mecânico c/ roquete
22547,Chave de Boca-Luneta 30
12613,Chicote CEE - Schuko Triplo
9066,Retificadora diam. 180 mm
23098,Chave Boca-Luneta com Roquete 10 mm
24630,Pedra/ Mó Montada Cônica Pequena para Rebolo
4784,Caixa de Ferramenta Serralheiro
8740,Antiqueda com chicote em V com amortecedor/absorvedor
10280,Alcaiata rotativa macho M10 (Olhal de Suspensão)
10279,Alcaiata rotativa macho M10 (Olhal de Suspensão)
10283,Alcaiata rotativa macho M10 (Olhal de Suspensão)
10274,Alcaiata rotativa macho M12 (Olhal de Suspensão)
10282,Alcaiata rotativa macho M10 (Olhal de Suspensão)
10281,Alcaiata rotativa macho M10 (Olhal de Suspensão)
10286,Alcaiata rotativa macho M10 (Olhal de Suspensão)
10258,Alcaiata rotativa macho M16 (Olhal de Suspensão)
10257,Alcaiata rotativa macho M16 (Olhal de Suspensão)
10270,Alcaiata rotativa macho M12 (Olhal de Suspensão)
10266,Alcaiata rotativa macho M16 (Olhal de Suspensão)
10259,Alcaiata rotativa macho M16 (Olhal de Suspensão)
10262,Alcaiata rotativa macho M16 (Olhal de Suspensão)
10263,Alcaiata rotativa macho M16 (Olhal de Suspensão)
10253,Alcaiata rotativa macho M20 (Olhal de Suspensão)
10260,Alcaiata rotativa macho M16 (Olhal de Suspensão)
10264,Alcaiata rotativa macho M16 (Olhal de Suspensão)
10265,Alcaiata rotativa macho M16 (Olhal de Suspensão)
10255,Alcaiata rotativa macho M20 (Olhal de Suspensão)
10261,Alcaiata rotativa macho M16 (Olhal de Suspensão)
10248,Alcaiata rotativa macho M24 (Olhal de Suspensão)
10256,Alcaiata rotativa macho M20 (Olhal de Suspensão)
9744,Alcaiata rotativa macho M30 (Olhal de Suspensão)
9742,Alcaiata rotativa macho M30 (Olhal de Suspensão)
10246,Alcaiata rotativa macho M30 (Olhal de Suspensão)
9743,Alcaiata rotativa macho M30 (Olhal de Suspensão)
10275,Alcaiata rotativa macho M10 (Olhal de Suspensão)
10276,Alcaiata rotativa macho M10 (Olhal de Suspensão)
3207,Extensão Tripla 220V
127190,Fresa Rotativa Cónica em Bico
25317,Cerâmica Reforçada (Porcelana) 53N61S (Nº8) (Pequena)
22854,"Chave de Impacto longa 1/2"" 27 mm"
8845,Projetor LED com bateria
8895,Diferencial de 2 Ton
16732,Alicate de Arcair
13192,Chicote CEE - Schuko Triplo
4442,Monorail (carrinho de vigas)
4443,Monorail (carrinho de vigas)
4258,Retificadora diam. 180 mm
8292,Cilindro Hidráulico furado 20 Ton
4241,Extensão Tripla 220V
3471,Chicote CEE - Schuko Triplo
10212,Maçarico de corte (Lança de corte)
4933,Extensão de Alicate
21002,Abafador ruído (capacete Delta plus)
9361,Cilindro Hidráulico 20 Ton
10267,Alcaiata rotativa macho M12 (Olhal de Suspensão)
10273,Alcaiata rotativa macho M12 (Olhal de Suspensão)
10269,Alcaiata rotativa macho M12 (Olhal de Suspensão)
12588,Chicote 63 Amp. 4 Pinos - 32 Amp. 4 Pinos
101926,Apalpa Folgas SKF 729865 A e 729865 B
57082,Chave Sextavada Umbrako 22mm
8386,"Manilha de 5/8"""
12453,Saca Rolamentos Hidraúlico
4321,"Aparafusadora de impacto 1/2"""
13058,Retificadora a bateria diam. 230 mm
29341,Ponteira Isolada 0.75mm
5804,Chicote CEE - Schuko Triplo
8962,Tirfor 3200 Kg (guincho manual de cabo passante)
127191,Fresa Rotativa Cilíndrica
7030,Extensão de Alicate
9250,Diferencial de 5 Ton
22994,Chave Sextavada Umbrako Longa 12 mm
4401,Extensão Tripla 220V
8689,Extensão de Alicate
24927,Alcaiata rotativa macho M24 (Olhal de Suspensão)
63262,Chave Gancho Pancada 23-30
4543,Mangueira de Ar
4607,Chicote CEE - Schuko Simples
9427,Arnês de Segurança
10417,Extensão 16 Amp. 4 Pinos
8336,Caixa de Ferramenta Mecânico c/ roquete
10419,Extensão 16 Amp. 4 Pinos
22490,"Puxa 1,5 Ton (Diferencial Manual Alavanca / Camelão)"
10420,Extensão 16 Amp. 4 Pinos
27783,Fresa WELDON HSS 24x30mm
8450,Chicote CEE - Schuko Triplo
22888,Alicate Freios Int. Pontas Direitas 125 mm
14105,Compasso para tocha plasma LC65/LC105
5359,Chicote CEE - Schuko Triplo
17535,Extintor Pó-Químico ABC
8932,Extensão CEE - Schuko Simples
20235,Projetor LED a bateria
29330,Vassoura
24289,Encerados 20m2
14051,"Jogo de Chaves de Caixa 1"" com roquete"
9965,Arnês de Segurança
24536,Medidor de Temperatura Laser/ Pirómetro/ Termómetro
27194,Cinta Plana 2 Ton 2 Metros
2935,Extensão Tripla 220V
13106,Monorail (carrinho de vigas)
23817,Vareta TIG Inox ER316L 1.6mm
4161,Cilindro Hidráulico 30Ton
12467,Extensão simples 220v
28909,"Cabo Elétrico H05V-K (FV) 0,5 AZUL/BRANCO"
23655,Broca de Ferro HSS 5.50mm
5224,Chicote 63 Amp. 4 Pinos - 63 Amp. 5 Pinos
8286,Cilindro Hidráulico 60 Ton (com travamento)
8775,Antiqueda com chicote em V com amortecedor/absorvedor
22489,"Puxa 1,5 Ton (Diferencial Manual Alavanca / Camelão)"
5379,-
14147,Soprador de ar quente
14193,Estufa de Eletrodos
14192,Estufa de Eletrodos
17174,Mangueira de Ar
24540,Soprador de ar quente
15581,Extensão tripla 220V
6690,Chicote 63 Amp. 5 Pinos - 63 Amp. 4 Pinos
4549,Extrator / Ventilador de Ar
16892,Malho Anti-Chispa 3kg
30910,Pilha AAA
24125,Alicate Ajustável 250mm(Bico de Pato)
7616,Extensão Tripla 220V
12590,Chicote 63 Amp. 4 Pinos - 32 Amp. 4 Pinos
28072,Aparelho de soldar
12586,Chicote 63 Amp. 5 Pinos - 63 Amp. 4 Pinos
12591,Chicote 63 Amp. 4 Pinos - 32 Amp. 4 Pinos
12593,Chicote 63 Amp. 4 Pinos - 63 Amp. 5 Pinos
7903,Máquina de Alinhamentos SKF
15957,"Fio de Soldar ER70S-6 0,8 mm (bobine 5kg)"
22486,"Puxa 1,5 Ton (Diferencial Manual Alavanca / Camelão)"
9841,Bomba Hidráulica 700 bar
27782,Fresa WELDON HSS 22x30mm
9664,Contentor de Apoio Nº24 (Albertino Santos)
14999,Puxa 3 Ton (Diferencial Manual Alavanca / Camelão)
7041,Diferencial de 1 Ton
25740,Mangueira de Ar
14541,Maçarico de corte (Lança de corte)
2874,"Diferencial de 1,5 Ton"
8719,Antiqueda com chicote em V com amortecedor/absorvedor
24264,Retificadora a bateria diam. 125 mm
28784,Aparelho de soldar
9097,Retificadora a bateria diam. 125 mm
10147,Antiqueda com chicote em V com amortecedor/absorvedor
9236,Máquina de Indução Magnética
28921,Cabo Elétrico H05V-K (FV) 1x1 AZUL/BRANCO
4739,"Aparafusadora Pneumática de Impacto 1/2"""
22663,"Chave de Impacto 1/2"" 16 mm"
5076,Diferencial de 1 Ton
22655,"Chave para tubos 14"" (grifos)"
11242,Cinta Plana 3 Ton 1 Metros
27014,Cinta Plana 2 Ton 1 Metro
15468,Cinta Plana 1 Ton 3 Metros
27346,Cinta Redonda 2 Ton 4 Metros
25016,Eletrodo para Tocha Plasma 60A
23667,Broca de Ferro HSS 8.50mm
27940,Vareta TIG Aço Carbono ER 70S-6 2mm
4462,Projetor LED a bateria
23118,"Chave de Impacto Longa 3/4"" 41 mm"
15953,"Fio de Soldar ER70S-6 1,0 mm (bobines 15kg)"
23147,"Diferencial de 1,5 Ton"
8494,Extensão de Alicate
13217,Chicote CEE - Schuko Triplo
14520,Monorail
26656,Disco Ø 180 * 2.5mm
27905,Comparador Analógico (10mm)
8317,Bomba Hidráulica 700 bar
6619,Caixa de Ferramenta Mecânico
14617,"Jogo de Chaves 1"""
9723,"Jogo de Chaves de Caixa 1/2"" com roquete"
14100,Ventilador / Aquecedor
9090,"Aparafusadora de Impacto a bateria 1/2"""
7902,Extensão CEE - Schuko Simples
18020,Monorail (carrinho de vigas)
23140,"Diferencial de 1,5 Ton"
9251,Diferencial de 5 Ton
23247,Chave Sextavada Umbrako Longa 19 mm
8433,Extensão Tripla 220V
10404,Extensão 16 Amp. 4 Pinos
7253,Cilindro Hidráulico Compacto 50 Ton
8404,"Manilha de 1+1/8"""
6659,Quadro Elétrico 24V
5726,Extensão de Alicate
57083,Chave Sextavada Umbrako 24mm
7026,Puxa 3 Ton (Diferencial Manual Alavanca / Camelão)
4402,Extensão Tripla 220V
9492,Berbequim de base magnética
22485,"Puxa 1,5 Ton (Diferencial Manual Alavanca / Camelão)"
10294,Garra de Vigas
4233,Extensão Tripla 220V
6435,Cilindro Hidráulico de garrafa
28660,Pino / Cone de sinalização
4290,"Aparafusadora de impacto a bateria 1/2"""
30091,Saca Empanques nº1
10408,Extensão de Alicate
2823,Chicote CEE - Schuko Triplo
4722,Chicote CEE - Schuko Triplo
12718,Caixa de Ferramenta Serralheiro
10251,Alcaiata rotativa macho M20 (Olhal de Suspensão)
10272,Alcaiata rotativa macho M12 (Olhal de Suspensão)
10252,Alcaiata rotativa macho M20 (Olhal de Suspensão)
30498,Terminal de Olhal M6 Azul
10676,"Jogo de Chaves de Caixa 3/4"" com roquete"
2661,"Macaco Hidráulico 16,6 Ton"
4454,Projetor LED a bateria
20758,Compressor 90 Litros
7003,Monorail (carrinho de vigas)
4398,Extensão Tripla 220V
12436,"Jogo de Chaves de Caixa 3/4"" com roquete"
8720,Chicote 63 Amp. 4 Pinos - 32 Amp. 4 Pinos
12810,Linha de vida (horizontal)
12597,Chicote 32 Amp. 5 Pinos - 32 Amp. 4 Pinos
24050,Fato Ignifugo XXL 210Gr
8413,Mangueira de Ar
8644,Mangueira de Ar
19553,Garra apanha tubos
9842,Bomba Hidráulica 700 bar
33064,Cinta Plana 3 Ton 1 Metros
8665,Retificadora diam. 180 mm
7876,Rebolo (Retificadora direta)
30092,Saca Empanques nº2
5360,Extensão 32 Amp. 4 Pinos
4408,Mangueira de Ar
7200,Diferencial de 2 Ton
8310,Bomba Hidráulica 700 bar
8687,Arnês de Segurança
8449,Chicote CEE - Schuko Triplo
16375,Caixa Loto
9894,Cinta Redonda 8 Ton 5 Metros
4056,Chicote 63 Amp. 5 Pinos - 32 Amp. 5 Pinos
8844,Projetor LED com bateria
10325,Extensão 32 Amp. 4 Pinos
8708,Arnês de Segurança
4732,Projetor 24V
10008,Chicote CEE - Schuko Simples
9196,Aparelho de soldar semi-automático portátil
5548,"Berbequim pedra / ferro	"
14210,Estufa de Eletrodos
24120,Alicate para curvar Tubos 8mm
14217,Estufa de Eletrodos
14025,Garra de Vigas
10985,Projetor LED a bateria
8399,"Manilha de 7/16"""
8226,Mangueira de ar (branca)
7964,"Chave de Impacto 1"" 90 mm"
10426,Chicote 32 Amp. 4 Pinos - 32 Amp. 5 Pinos
16600,Cilindro Hidráulico furado 30 Ton
3252,Retificadora a bateria diam. 125 mm
12592,Chicote 63 Amp. 5 Pinos - 32 Amp. 5 Pinos
19619,Maçarico de calor
5707,Extensão Tripla 220V
8790,Diferencial de 3 Ton
8685,Arnês de Segurança
22350,Extensão Tripla 220V
17122,Mangueira de Ar
4617,Chicote 16 Amp. 5 Pinos - 16 Amp. 4 Pinos
20753,"Diferencial de 1,5 Ton"
17777,Cinta Plana 2 Ton 1 Metros
20500,Cinta Plana 1 Ton 2 Metros
17739,Cinta Plana 1 Ton 1 Metro (fina)
20504,"Cinta Plana 1 Ton 1,5 Metros"
20751,"Diferencial de 1,5 Ton"
20541,Cinta Plana 3 Ton 3 Metros
13559,"Cinta Plana 3 Ton 1,5 Metros"
20505,"Cinta Plana 1 Ton 1,5 Metros"
20542,Cinta Plana 3 Ton 3 Metros
9997,Antiqueda com chicote em V com amortecedor/absorvedor
19711,Extintor Pó-Químico ABC
20539,Cinta Plana 3 Ton 3 Metros
17734,Cinta Plana 1 Ton 1 Metro (fina)
20747,Diferencial de 2 Ton
20799,Contentor de Ferramenta Nº34
20748,"Diferencial de 1,5 Ton"
13881,"Manilha de 5/8"""
13437,Lança dar calor
16853,"Jogo chaves impacto curtas/longas 1/2"" ( 8 à 32mm)"
5716,"Aparafusadora Pneumática de Impacto 3/4"""
12501,Chicote 63 Amp. 5 Pinos - 32 Amp. 5 Pinos
5037,Chave de Luneta 6-7
4901,Cilindro Hidráulico 10 Ton
3982,Berbequim de ferro
4187,Bomba Hidráulica
10284,Alcaiata rotativa macho M10 (Olhal de Suspensão)
8733,Antiqueda com chicote em V com amortecedor/absorvedor
7254,Cilindro Hidráulico furado 20 Ton
9062,Retificadora diam. 180 mm
5023,Cilindro Hidráulico 30 Ton
7700,"Aparafusadora Pneumática de Impacto 3/4"""
30502,Terminal de Olhal M6 Amarelo
5755,Monorail (carrinho de vigas)
8892,Diferencial de 3 Ton
5085,Chave de Luneta 21-23
12595,Chicote 32 Amp. 5 Pinos - 32 Amp. 4 Pinos
2844,Chicote CEE - Schuko Triplo
34472,Mascara de Soldar Cabedal
23159,Diferencial de 1 Ton
13664,Cinta Plana 12 Ton 5 Metros
19563,Mangueira de Oxicorte
8736,Antiqueda com chicote em V com amortecedor/absorvedor
9115,Rebolo (Retificadora direta)
28942,Cabo Elétrico H05V-K (FV) 1x1 VERDE/AMARELO
19805,"Jogo de Chaves de Caixa 1/2"" com roquete"
9741,Antiqueda retrátil
4024,Extensão Tripla 220V
34426,Bucha Química 300ml
16871,"Puxa 0,75 Ton (Diferencial Manual Alavanca / Camelão)"
4410,Máquina de lavagem de água quente
10271,Alcaiata rotativa macho M12 (Olhal de Suspensão)
9065,Retificadora diam. 180 mm
8564,Cilindro Hidráulico 50 Ton
33048,Cinta Plana 2 Ton 1 Metros
6876,"Chave multiplicadora torque 3/4""-1"""
9895,Cinta Redonda 8 Ton 5 Metros
3225,Cilindro Hidráulico
12510,Chicote 32 Amp. 5 Pinos - 16 Amp. 5 Pinos
8924,Extensão de Alicate
8922,Extensão de Alicate
12470,Extensão Tripla 220V
6312,Antiqueda com chicote em V com amortecedor/absorvedor
9966,Arnês de Segurança
23576,Nível 1200 mm
9059,Retificadora diam. 180 mm
9091,"Aparafusadora de Impacto a bateria 1/2"""
30093,Saca Empanques nº3
9089,"Aparafusadora de impacto a bateria 1/2"""
11852,Extensão 32 Amp. 4 Pinos - Perdido Contetor 22 27-12-2023
23579,Fita Métrica 8 Metros
29948,Bico corte oxi-acetileno 10/10 G1-A
9818,"Jogo de Chaves de Caixa 1/2"" com roquete"
3184,Chicote 63 Amp. 4 Pinos - 32 Amp. 4 Pinos
14508,"Aparafusadora de impacto 1"""
4188,Mangueira de Ar
27653,Jogo machos manuais M10
24538,Armação Rolo de Pintura pequeno
22996,Chave Sextavada Umbrako Longa 17 mm
9434,Arnês de Segurança
8727,Antiqueda com chicote em V com amortecedor/absorvedor
8739,Antiqueda com chicote em V com amortecedor/absorvedor
9722,"Jogo de Chaves de Caixa 1/2"" com roquete"
19935,Mangueira de Oxicorte
5590,Caixa de Ferramenta Mecânico
13828,Baú de arrumação
8337,Caixa de Ferramenta Mecânico c/ roquete
4214,Extensão CEE 16 Amp.
8189,Extensão CEE 16 Amp.
3632,Chicote CEE - Schuko Triplo
9011,Extensão 16 Amp. 4 Pinos
8951,Extensão 16 Amp. 4 Pinos
8923,Extensão de Alicate
38530,Chicote CEE - Schuko Triplo
8959,Extensão 16 Amp. 4 Pinos
8919,Mangueira de Ar
8921,Extensão de Alicate
9016,Chicote 63 Amp. 5 Pinos - 63 Amp. 4 Pinos
8911,Mangueira de Ar
5221,Extensão 63 Amp. 4 Pinos
8955,Extensão 16 Amp. 4 Pinos
8931,Extensão CEE - Schuko Simples
9020,"Chicote 32 Amp. 4 Pinos - 16 Amp. 4 Pinos	"
8779,Diferencial de 2 Ton
3182,Chicote 63 Amp. 5 Pinos - 32 Amp. 4 Pinos
31548,Fio de Soldar ER309LSi 1.2mm(bobine 15kg)
27253,Catrabucha Inox Reb. 125 Entrançada Taça
6489,"Puxa 1,5 Ton (Diferencial Manual Alavanca / Camelão)"
31890,Cinta Redonda 10 Ton 6 Metros
7196,Garra de Chapa
8498,Extensão de Alicate
9904,"Arnês de Segurança	"
10434,Chicote 32 Amp. 5 Pinos - 32 Amp. 4 Pinos
8696,Arnês de Segurança
9356,Bomba Hidráulica 700 bar
4106,Caixa de Ferramenta Mecânico
9763,Cilindro Hidráulico 10 Ton
24926,Alcaiata rotativa macho M20 (Olhal de Suspensão)
8688,Arnês de Segurança
25329,Aparelho de Soldar / Arc-air
4699,"Puxa 1,5 Ton (Diferencial Manual Alavanca / Camelão)"
14867,Caixa de Ferramenta Mecânico
11949,Cilindro Hidráulico 10 Ton
5743,Chicote CEE - Schuko Triplo
13195,Chicote CEE - Schuko Triplo
7217,Extensão 32 Amp. 4 Pinos
6640,Diferencial de 3 Ton
9009,Extensão 16 Amp. 4 Pinos
12445,Carro duplo de transporte de gás
8956,Extensão 16 Amp. 4 Pinos
39881,Chicote CEE - Schuko Triplo
12444,Carro duplo de transporte de gás
12504,Chicote 32 Amp. 5 Pinos - 32 Amp. 4 Pinos
8906,Mangueira de Oxicorte
9019,Chicote 32 Amp. 5 Pinos - 16 Amp. 4 Pinos
12446,Carro duplo de transporte de gás
12511,Chicote 32 Amp. 5 Pinos - 16 Amp. 4 Pinos
6417,Cinta Plana 4 Ton 4 Metros
12361,Saca Rolamentos Hidraúlico
12521,Chicote 16 Amp. 5 Pinos - 16 Amp. 4 Pinos
2361,Aparelho de soldar
4399,Extensão Tripla 220V - Perdido CT11 24/04/2023
7985,"Chave de Impacto 1"" 22 mm"
21009,Caixa de Ferramenta Serralheiro
12316,Carro duplo de transporte de gás
8738,Antiqueda com chicote em V com amortecedor/absorvedor
10278,Alcaiata rotativa macho M10 (Olhal de Suspensão)
23216,Suporte de viseira para cabeça
17166,Mascara de Soldar Automática
9237,Tirfor 3200 Kg (guincho manual de cabo passante)
6657,Berbequim a bateria
7696,Cilindro Hidráulico 11 Ton
2952,Extensão CEE 16 Amp.
22995,Chave Sextavada Umbrako Longa 14 mm
4749,"Aparafusadora de impacto 1/2"""
20843,Chicote CEE - Schuko Triplo
30394,"Chave multiplicadora torque 1/2""-1"""
8835,Cilindro Hidráulico Compacto 4 Ton
8839,Cilindro Hidráulico 11 Ton
8948,Antiqueda retrátil com amortecedor
8702,Arnês de Segurança
27676,Corta tubos para tubos 6-42
7502,Chicote 63 Amp. 5 Pinos - 32 Amp. 4 Pinos
18239,Diferencial de 1 Ton
12516,Chicote 16 Amp. 5 Pinos - 16 Amp. 4 Pinos
12513,Chicote 32 Amp. 5 Pinos - 16 Amp. 4 Pinos
12514,Chicote 32 Amp. 5 Pinos - 16 Amp. 4 Pinos
14963,Diferencial de 10 Ton
12520,Chicote 16 Amp. 5 Pinos - 16 Amp. 4 Pinos
34495,Carrapeta TIG WP9
10348,"Jogo de Chaves de Caixa 3/4"" com roquete - Perdido Contentor 62"
27652,Jogo machos manuais M8
2362,Aparelho de soldar
6771,Extensão tripla 220V
3259,Retificadora diam. 230 mm
21260,Cinta Plana 4 Ton 6 Metros
17919,Cinta plana 5Ton 5 Metros
24909,"Jogo de Chaves de Caixa Longas 3/4"""
21000,Cinta plana 5Ton 5 Metros
8694,Arnês de Segurança
6281,Arnês de Segurança
8660,Retificadora diam. 180 mm
28633,Diluente Celuloso (l)
22243,Extensão Tripla 220V
13869,"Manilha de 1+3/8"""
12531,Extensão 32 Amp. 4 Pinos
21806,Extensão 32 Amp. 4 Pinos
5041,Cilindro Hidráulico 10 Ton
8920,Mangueira de Ar
8914,Mangueira de Ar
25887,Garra de Chapa / Pinça de elevação (olhal rotativo)
8910,Mangueira de Ar
8909,Mangueira de Ar
17136,Garra de Vigas
20736,Garra apanha tubos
8562,Cilindro Hidráulico 20 Ton
8705,Arnês de Segurança
8735,Antiqueda com chicote em V com amortecedor/absorvedor
8853,Antiqueda com chicote em V com amortecedor/absorvedor
4312,Retificadora diam. 230 mm
4523,Serra-Sabre a bateria
12234,Extrator / Ventilador de Ar
7423,Diferencial de 3 Ton
6053,Diferencial de 1 Ton
4341,"Aparafusadora de impacto 1/2"""
9876,Arnês de Segurança
37442,Cinta Plana 1 Ton 1 Metro (Fina)
3127,"Puxa 1,5 Ton (Diferencial Manual Alavanca / Camelão)"
37427,Cinta Plana 1 Ton 1 Metro (Fina)
40007,Cinta Plana 1 Ton 1 Metro
12740,Extensão de Alicate
11317,Cinta Plana 2 Ton 1.5 Metros
14167,Estufa de Eletrodos
5850,Quadro Elétrico 24V
9225,Extrator / Ventilador de Ar
4571,"Aparafusadora de impacto 3/4"""
13335,Extensão 32 Amp. 4 Pinos
19926,Mangueira de Oxicorte
13666,Cinta Plana 12 Ton 5 Metros
26224,Chicote CEE - Schuko Simples
26034,Cinta Plana 3 Ton 4 Metros
24579,Cinta Redonda 10 Ton 2 Metros
18967,Caixa de Ferramenta Mecânico
8497,Extensão de Alicate
12013,Antiqueda com chicote em V com amortecedor/absorvedor
9969,Arnês de Segurança
8715,Arnês de Segurança
24676,Pedra/ Mó Montada Cónica Grande para Rebolo
10250,Alcaiata rotativa macho M24 (Olhal de Suspensão)
14998,Extensão 16 Amp. 4 Pinos
5678,Berbequim pedra / ferro
23152,Diferencial de 1 Ton
4536,Mangueira de Ar
2795,Extensão CEE - Schuko Simples
53705,"Jogo chaves impacto curtas/longas 1/2"" ( 8 à 32mm)"
8684,Antiqueda com chicote em V com amortecedor/absorvedor
25933,Berbequim angular
4859,Projetor LED a bateria
18906,Cilindro Hidráulico Compacto 10 Ton
21487,Chicote CEE - Schuko Triplo
8546,Chicote CEE - Schuko Triplo
20695,"Aparafusadora de impacto a bateria 1/2"""
20923,Diferencial de 2 Ton
19708,Diferencial de 1 Ton
24580,Cinta Redonda 10 Ton 2 Metros
20251,"Aparafusadora de Impacto a bateria 3/4"""
9187,Aparelho de soldar
14962,Monorail (carrinho de vigas)
7053,Diferencial de 1 Ton
7076,"Puxa 0,75 Ton (Diferencial Manual Alavanca / Camelão)"
27808,Jogo machos manuais M12
2985,Chicote 32 Amp. 4 Pinos - 16 Amp. 4 Pinos
2975,Chicote 63 Amp. 4 Pinos - 32 Amp. 4 Pinos
24287,Ponteiros para máquinas SDS Max
7066,"Puxa 1,5 Ton (Diferencial Manual Alavanca / Camelão)"
22515,"Puxa 0,75 Ton (Diferencial Manual Alavanca / Camelão)"
20704,"Aparafusadora de impacto a bateria 1/2"""
24535,Rolo de Pintura grande
27785,Fresa WELDON HSS 30x30mm
10162,Caixa de Ferramenta Mecânico
4544,Extensão de Alicate
4534,Extensão de Alicate
6825,Diferencial de 3 Ton
2824,Chicote CEE - Schuko Triplo
5030,Cilindro Hidráulico 23Ton
13238,"Antiqueda retrátil 3,3M"
12546,Mangueira de Ar
19809,Extensão 63 Amp. 5 Pinos
12466,"Aparafusadora de Impacto 1/2"""
9116,Rebolo (Retificadora direta)
13035,Antiqueda com chicote em V com amortecedor/absorvedor
26484,Rebolo (Retificadora direta)
9139,Extensão CEE - Schuko Simples
26487,Rebolo (Retificadora direta)
26489,Projetor LED a bateria
7997,"Chave de Impacto 3/4"" 35 mm"
9365,Pimenteiro (Quadro Elétrico)
20634,Chicote CEE - Schuko Triplo
16601,Cilindro Hidráulico 5 Ton
12016,Arnês de Segurança
8313,Bomba Hidráulica 700 bar
14986,Cinta Plana 3 Ton 1 Metros
14978,Cinta Plana 4 Ton 6 Metros
7853,Cinta Plana 4 Ton 6 Metros
7244,Cilindro Hidráulico Compacto 30 Ton
14987,"Cinta Plana 3 Ton 1,5 Metros"
14980,Cinta Plana 4 Ton 6 Metros
14988,"Cinta Plana 3 Ton 1,5 Metros"
14982,Cinta Redonda 10 Ton 4 Metros
22409,Chave de Bocas 21-23
3899,Arnês de Segurança
26498,"Aparafusadora de impacto a bateria 1/2"""
26463,Jogo de Machos e Caçonetes M3 - M20
18716,Bota PVC Biq. e Palm. Aço Tam. 40
8912,Mangueira de Ar
8723,Antiqueda com chicote em V com amortecedor/absorvedor
8858,Mangueira de Oxicorte
2304,Máquina de Cortar Juntas
10418,Extensão 16 Amp. 4 Pinos
8856,Mangueira de Oxicorte
25323,Carrapeta TIG Longa WP 17/18/26 57Y02
25077,Bico para Tocha Plasma 64A
7185,Diferencial de 2 Ton
14917,Caixa de Ferramenta Mecânico
31400,Extensão Tripla 220V
26846,Extensão 32 Amp. 4 Pinos
8257,"Fato Químico XXL Tipo 3,4,5,6"
53201,Cinta Plana 2 Ton 1 Metros
51722,Retificadora a bateria diam. 125 mm
36878,"Cinta Plana 2 Ton 1,5 Metros"
8952,Extensão 16 Amp. 4 Pinos
10423,Chicote 32 Amp. 4 Pinos - 16 Amp. 4 Pinos
22330,Chicote CEE - Schuko Triplo
26207,Antiqueda com chicote em V com amortecedor/absorvedor
25861,Chicote CEE - Schuko Simples
26501,Berbequim pedra / ferro
26545,"Jogo de Chaves de Caixa 1/2"" com roquete"
4030,"Aparafusadora de impacto 3/4"""
12506,Chicote 32 Amp. 5 Pinos - 32 Amp. 4 Pinos
25890,Maçarico de corte (Lança de corte)
4311,Berbequim pedra / ferro
23139,"Diferencial de 1,5 Ton"
4441,"Aparafusadora Pneumática de Impacto 3/4"""
35074,Chicote CEE - Schuko Triplo
13964,Garra de Vigas
9015,Extensão 32 Amp. 4 Pinos
5029,Cilindro Hidráulico 30 Ton
13030,Chicote 63 Amp. 5 Pinos - 63 Amp. 4 Pinos
8324,Caixa de Ferramenta Mecânico c/ roquete
9104,Projetor LED a bateria - Perdido Contentor 30
8414,Mangueira de Ar - Perdido Contentor 30
8328,Caixa de Ferramenta Mecânico c/ roquete
8915,Mangueira de Ar
20743,"Puxa 1,5 Ton (Diferencial Manual Alavanca / Camelão)"
9113,Rebolo (Retificadora direta)
10831,"Cinta Plana 2 Ton 1,5 Metros"
8700,Arnês de Segurança
16106,Antiqueda com chicote em V com amortecedor/absorvedor
8953,Extensão 16 Amp. 4 Pinos
52843,Cinta Plana 1 Ton 2 Metros
8960,Extensão 16 Amp. 4 Pinos
24119,Alicate para curvar Tubos 6mm
9010,Extensão 16 Amp. 4 Pinos
8957,Extensão 16 Amp. 4 Pinos
53022,Cinta Plana 2 Ton 2 Metros
7566,Guincho Eléctrico 500/1000 KG
4508,Retificadora diam. 180 mm
58213,Retificadora diam. 230 mm
10144,Antiqueda com chicote em V com amortecedor/absorvedor - Perdido Contentor 30
11315,Cinta Plana 2 Ton 1.5 Metros
29494,Máquina afiar brocas
21567,Extensão Tripla 220V
12257,Caixa de Ferramenta Mecânico
9071,Retificadora diam. 230 mm
8876,Aparelho de soldar
9854,Berbequim a bateria
8704,Arnês de Segurança
23774,Apalpa Folgas 0.05 a 1.00  de 200 mm
12654,"Puxa 0,75 Ton (Diferencial Manual Alavanca / Camelão)"
5240,Chicote 32 Amp. 5 Pinos - 16 Amp. 4 Pinos
4364,Chicote CEE - Schuko Triplo
8291,Cilindro Hidráulico Compacto 30 Ton
6624,Caixa de Ferramenta Mecânico
9238,Tirfor 1600 Kg (guincho manual de cabo passante)
9998,Antiqueda com chicote em V com amortecedor/absorvedor
8691,Arnês de Segurança
7849,Cinta Plana 4 Ton 6 Metros
9105,Projetor LED a bateria
8585,"Cinta Plana 2 Ton 1,5 Metros"
7332,"Cinta Plana 2 Ton 1,5 Metros"
8408,Mangueira de Ar
10332,Extensão 32 Amp. 4 Pinos
11628,"Tarraxa Manual 1/2"" - 2"""
11956,Cilindro Hidráulico 12 Ton
7069,"Puxa 1,5 Ton (Diferencial Manual Alavanca / Camelão)"
7681,Caixa de Ferramenta Mecânico
71097,Suporte Bico M10 MIG/MAG Tocha KEMPPI
10760,Extensão Tripla 220V
9562,Antiqueda com chicote em V com amortecedor/absorvedor
23146,"Diferencial de 1,5 Ton"
8867,"Chave para tubos 10"" (grifos)"
12512,Chicote 32 Amp. 5 Pinos - 16 Amp. 4 Pinos
7874,Chicote CEE - Schuko Simples
9008,Extensão 16 Amp. 4 Pinos
20470,Saca Rolamentos Hidraúlico
10249,Alcaiata rotativa macho M24 (Olhal de Suspensão) - Perdido Contentor 30
10247,Alcaiata rotativa macho M24 (Olhal de Suspensão) - Perdido Contentor 30
8581,"Cinta Plana 2 Ton 1,5 Metros - Perdido Contentor 30"
16596,Cilindro Hidráulico furado 30 Ton
24404,Pistola de rebitar a bateria
26227,Arnês de Segurança
12809,Lança dar calor
23497,Alicate Freios Int. Pontas Curvas 175 mm
8821,"Aparafusadora Pneumática de Impacto 1/2"""
23119,"Chave de Impacto Longa 3/4"" 46 mm"
27656,Desandador manual machos N2
26784,Chicote 63 Amp. 5 Pinos  - 32 Amp. 4 Pinos
33504,Escovilhão com haste para rebolo inox
4000,Extensão de Alicate
22104,Extensão Tripla 220V
4234,Extensão Tripla 220V
28949,Cabo Elétrico H07V-K (FV) 10 PRETO
11759,Cinta Plana 3 Ton 2 Metros
10254,Alcaiata rotativa macho M20 (Olhal de Suspensão)
9126,Berbequim pedra / ferro
6622,Caixa de Ferramenta Mecânico
9101,Projetor LED a bateria - Perdido Contentor 30
52709,Silicone transparente
23661,Broca de Ferro HSS 7mm
22499,"Puxa 1,5 Ton (Diferencial Manual Alavanca / Camelão)"
9125,Berbequim pedra / ferro
8958,Extensão 16 Amp. 4 Pinos
8950,Extensão 16 Amp. 4 Pinos
58285,Retificadora diam. 230 mm
58286,Retificadora diam. 230 mm
8322,Caixa de Ferramenta Mecânico c/ roquete
32028,"Manilha de 3/4"""
32030,"Manilha de 5/8"""
7050,"Puxa 1,5 Ton (Diferencial Manual Alavanca / Camelão)"
108910,"Fato Químico Térmico XL Tipo 3,4,5"
27270,Álcool Gel base 70%
12275,"Puxa 1,5 Ton (Diferencial Manual Alavanca / Camelão)"
8693,Arnês de Segurança
7999,"Chave de Impacto 3/4"" 33 mm"
22507,"Puxa 0,75 Ton (Diferencial Manual Alavanca / Camelão)"
16539,Bancada com torno - António Junior
4871,Extensão 32 Amp. 4 Pinos
6751,Aparelho de soldar
21067,Mangueira de Oxicorte
16602,Cilindro Hidráulico 5 Ton
4941,Extensão Tripla 220V
8822,Cilindro Hidráulico furado 20TON
29171,Cinta Plana 3 Ton 5 Metros
10326,Extensão 32 Amp. 4 Pinos
22807,"Chave de Impacto longa 1/2"" 17 mm"
12066,Baú de Arrumação
20746,Diferencial de 2 Ton
12533,Extensão 16 Amp. 4 Pinos
33615,Projetor LED a bateria
7888,Mangueira de Ar
65520,Chave Gancho Pancada 30-40
12578,Cinta Plana 4 Ton 6 Metros
10037,Cinta Redonda 10 Ton 6 Metros
12600,Chicote 32 Amp. 5 Pinos - 16 Amp. 5 Pinos
12577,Cinta Plana 4 Ton 6 Metros
4314,Retificadora diam. 230 mm
24121,Alicate para curvar Tubos 10mm
10989,Projetor LED a bateria
30078,Canga média (300-400)
14979,Cinta Plana 4 Ton 6 Metros
137563,Mangueira para Bomba Hidráulica
21815,Extensão 32 Amp. 4 Pinos
4849,"Aparafusadora de impacto a bateria 1/2"""
10430,Chicote 32 Amp. 5 Pinos - 32 Amp. 4 Pinos
8323,Caixa de Ferramenta Mecânico c/ roquete
58231,Jogo de Chaves Aperto KM's (Gancho Duplo)
4763,Projetor 24V
6361,Extensão 16 Amp. 4 Pinos
21809,Extensão 32 Amp. 4 Pinos
8778,"Diferencial de 0,5 Ton"
15413,Cinta redonda 5 Ton
9547,Caixa de Ferramenta Mecânico
6407,Chicote 16 Amp. 5 Pinos - 16 Amp. 4 Pinos
27316,Chicote CEE - Schuko Simples
22503,"Puxa 0,75 Ton (Diferencial Manual Alavanca / Camelão)"
32192,Tocha MIG MAG (não refrigerada)
5462,Berbequim pedra / ferro
11372,"Diferencial de 0,5 Ton"
23141,"Diferencial de 1,5 Ton"
5677,Retificadora diam. 180 mm
27359,Caixa de Ferramenta Mecânico
33149,Baias/ Barreiras de protecção
13237,"Antiqueda retrátil 3,3M - Perdido Contentor 30"
9076,Retificadora diam. 180 mm
5803,Pimenteiro (Quadro Elétrico)
18990,"Aparafusadora de Impacto a bateria 3/4"""
4504,Retificadora diam. 180 mm
31759,Chicote CEE - Schuko Triplo
6775,"Diferencial de 1,5 Ton"
29654,Máquina de Indução Magnética TIH30
4416,Retificadora a bateria diam. 125 mm
39162,Lamela para Rebolo G60 30mm
23142,"Diferencial de 1,5 Ton"
55222,Cinta Plana 3 Ton 2 Metros
4353,Chicote CEE - Schuko Triplo
29889,Porca M40x1.5 PVC
20438,Retificadora diam. 125 mm
21798,Extensão Tripla 220V
31328,Cinta Plana 8 Ton 10 Metros
25827,Lança dar calor
25828,Lança dar calor
31327,Cinta Plana 8 Ton 10 Metros
12672,Macaco de Cremalheira 5 Ton
12673,Macaco de Cremalheira 5 Ton
30439,NÃO USAR - Fresa Rotativa Cónica em bico 12x6 - NÃO USAR
6214,Caixa de Ferramenta Mecânico
8335,Caixa de Ferramenta Mecânico c/ roquete
35191,Abafador ruído (capacete 3M)
10428,Chicote 32 Amp. 5 Pinos - 32 Amp. 4 Pinos
23143,"Diferencial de 1,5 Ton"
21060,Cinta Plana 4 Ton 6 Metros
15769,Caixa de Ferramenta Mecânico
9084,"Aparafusadora de Impacto a bateria 1/2"""
12534,Extensão 16 Amp. 4 Pinos
4322,"Aparafusadora de impacto 1/2"""
12571,Contentor de Apoio Nº31 (André Senos)
12535,Extensão 16 Amp. 4 Pinos
20221,Projetor LED a bateria
24350,Fio de Prumo completo
7245,Cilindro Hidráulico Compacto 10T
14537,Maçarico de corte (Lança de corte)
11146,Chicote 32 Amp. 4 Pinos - 16 Amp. 4 Pinos
9102,Projetor LED a bateria
24928,Alcaiata rotativa macho M30 (Olhal de Suspensão)
36156,Fresa WELDON HSS 15x30mm
12517,Chicote 16 Amp. 5 Pinos - 16 Amp. 4 Pinos
16918,Diferencial de 1 Ton
33741,Cinta Plana 3 Ton 4 Metros
2665,Cilindro Hidráulico FURADO 30 Ton
21422,Puxa 1.5 Ton (Diferencial Manual Alavanca / Camelão)
52153,Retificadora a bateria diam. 125 mm
34919,Extensão Tripla 220V
7251,Cilindro Hidráulico furado 30 Ton
8288,Cilindro Hidráulico Compacto 10 Ton
6413,Cinta Redonda 10 Ton 2 Metros
20682,Caixa de Ferramenta Mecânico
12572,Cinta Plana 12 Ton 8 Metros
25934,Berbequim angular
10028,Cinta Redonda 10 Ton 6 Metros
11367,Cinta Plana 12 Ton 8 Metros
12584,Cinta Plana 8 Ton 4 Metros
12585,Cinta Plana 8 Ton 4 Metros
10041,Cinta Redonda 8 Ton 6 Metros
12646,Projetor LED a bateria
10042,Cinta Redonda 8 Ton 6 Metros
12946,Retificadora diam. 125 mm
12532,Extensão 16 Amp. 4 Pinos
30288,Porta-identificação de fio 4-7mm²
20630,Chicote CEE - Schuko Triplo
12726,Caixa de Ferramenta Mecânico
4303,Rebolo (Retificadora direta)
58586,"Puxa 1,5 Ton (Diferencial Manual Alavanca / Camelão)"
22810,"Chave de Impacto longa 1/2"" 19 mm"
29548,Cinta Plana 1 Ton 2 Metros (Fina)
35092,Extensão Tripla 220V
34987,Extensão 220V Rolo
34847,Cinta Plana 1 Ton 3 Metros
34846,Cinta Plana 1 Ton 3 Metros
12793,Extensão 32 Amp. 4 Pinos
4481,Puxa 3 Ton (Diferencial Manual Alavanca / Camelão)
7252,Cilindro Hidráulico furado 30 Ton
9195,"Aparafusadora de Impacto a bateria 1/2"""
6648,Mangueira de Ar
28139,Espelho de Soldador
8206,Casaco Soldar Crute Tam. XXL
11604,Alicate de Arcair
20066,Diferencial de 1 Ton
11332,Berbequim de base magnética
5763,Caixa de Ferramenta Mecânico
8462,Chicote CEE - Schuko Triplo
9078,Berbequim de pedra (SDS MAX)
60917,Lança dar calor (oxi-acetileno)
61240,Chicote CEE - Schuko Triplo
60919,Lança dar calor (oxi-propano)
54049,Extensão Tripla 220V (Rolo)
108909,"Fato Químico Térmico L Tipo 3,4,5"
4361,Chicote CEE - Schuko Triplo
9048,Retificadora diam. 125 mm
14975,Cinta Redonda 8 Ton 6 Metros
17335,Extensão 32 Amp. 4 Pinos
69887,Broca de Ferro HSS 10mm
8084,Chicote CEE - Schuko Simples
57044,Cinta Plana 3 Ton 4 Metros
9079,"Aparafusadora de Impacto 1/2"""
11034,Aparelho de soldar
2677,Cilindro Hidráulico 5 Ton
2333,Rebolo (Retificadora direta)
12264,Caixa de Ferramenta Mecânico
50711,"Puxa 1,5 Ton (Diferencial Manual Alavanca / Camelão)"
8454,Chicote CEE - Schuko Triplo
36401,Berbequim Angular
4782,Caixa de Ferramenta Mecânico com Roquete e Agulheta
7100,Extensão 16 Amp. 4 Pinos
19339,Máquina de Cortar Juntas / Chapa
23145,"Diferencial de 1,5 Ton"
8697,Arnês de Segurança
15089,Cinta Plana 2 Ton 2 Metros
22493,"Puxa 1,5 Ton (Diferencial Manual Alavanca / Camelão)"
10681,"Jogo de Chaves de Caixa 1/2"" com roquete"
3178,Extensão 16 Amp. 4 Pinos
8548,"Chicote 32 Amp. 4 Pinos - 16 Amp. 4 Pinos	"
13786,"Cinta Plana 3 Ton 1,5 Metros"
24406,Extrator / Ventilador de Ar
3994,"Aparafusadora Pneumática de Impacto 3/4"""
21363,Caixa de Ferramenta Tubista
32189,Tocha MIG MAG (não refrigerada)
14315,Projetor LED a bateria
24687,"Manilhas de 2"""
21043,"Paquímetro 500mm - Resolução 0,02mm 500mm"
21718,Diferencial de 1 Ton
4347,"Aparafusadora de impacto 1/2"""
10014,"Puxa 1,5 Ton (Diferencial Manual Alavanca / Camelão)"
32572,Fresa WELDON HSS 28x30mm
14097,Esmeril
23149,Diferencial de 1 Ton
3613,Extensão Tripla 220V
17278,Diferencial de 1 Ton
9761,Cilindro Hidráulico 10 Ton
5785,Projetor LED
37604,Lança dar calor
20687,Caixa de Ferramenta Mecânico
8652,Extrator / Ventilador de Ar
5732,Extensão 16 Amp. 4 Pinos
7664,Antiqueda retrátil 15M
51842,Caixa de Ferramenta Mecânico
8801,"Puxa 1,5 Ton (Diferencial Manual Alavanca / Camelão)"
21685,"Puxa 1,5 Ton (Diferencial Manual Alavanca / Camelão)"
9321,Rebolo (Retificadora direta)
9362,Cilindro Hidráulico 20 Ton
11220,Tocha TIG (LINCOLN)
26701,"Pinça Gás-Lens 2,4MM 13N23(pequena)"
22504,"Puxa 0,75 Ton (Diferencial Manual Alavanca / Camelão)"
15048,Projetor LED
7603,Extensão Tripla 220V
5188,Caixa de Ferramenta Mecânico c/ roquete
32357,Cinta Plana 2 Ton 1 Metros
32349,Cinta Plana 2 Ton 1 Metros
27625,Chicote CEE - Schuko Simples
32344,Cinta Plana 2 Ton 3 Metros
32359,Cinta Plana 3 Ton 3 Metros
32356,Cinta Plana 2 Ton 1 Metros
32353,Cinta Plana 2 Ton 1 Metros
32346,Cinta Plana 2 Ton 3 Metros
32348,Cinta Plana 2 Ton 3 Metros
32347,Cinta Plana 2 Ton 3 Metros
32354,Cinta Plana 2 Ton 1 Metros
32355,Cinta Plana 2 Ton 1 Metros
8448,Chicote CEE - Schuko Triplo
10958,Chicote 32 Amp. 5 Pinos - 32 Amp. 4 Pinos
6709,Chicote 32 Amp. 4 Pinos - 16 Amp. 4 Pinos
4310,Retificadora diam. 230 mm
5510,Projetor 24V
9117,Rebolo (Retificadora direta)
35236,Chave Sextavada Umbrako 18 mm
8499,Extensão de Alicate
12100,Cinta Plana 1 Ton 1 Metro
22522,"Puxa 0,75 Ton (Diferencial Manual Alavanca / Camelão)"
62962,Aparelho de soldar
23409,Extensão Tripla 220V
6105,Diferencial de 2 Ton
10178,Extensão de Alicate
26492,Projetor LED a bateria
5513,Quadro Elétrico 24V
30630,Chicote CEE - Schuko Triplo
22227,Extensão Tripla 220V
12949,Retificadora diam. 125 mm
11661,Extensão Tripla 220V
20739,"Puxa 0,75 Ton (Diferencial Manual Alavanca / Camelão)"
34856,Linha de vida (horizontal)
9776,Caixa de Ferramenta Mecânico
3978,"Aparafusadora de impacto 1/2"""
18233,Mangueira de Oxicorte
7730,Chicote 63 Amp. 5 Pinos - 32 Amp. 4 Pinos
8307,Bomba Hidráulica 700 bar
33038,Máscara reutilizável (25 lavagens)
4404,Berbequim a bateria
4464,Projetor LED a bateria - Perdido paragem 22.0961 - Indicação Nuno Paula
9241,Cinta Plana 4 Ton 6 Metros- Perdido CT 30 14/04/2023
20171,Berbequim pedra / ferro
26705,Vareta TIG Inox ER316LSi 2mm
11118,Maçarico de corte (Lança de corte)
27765,Fresa WELDON HSS 13x30mm
32802,Cinta Plana 1 Ton 1 Metro
31763,Chicote CEE - Schuko Triplo
32905,Cinta Plana 1 Ton 1 Metro
32929,Cinta Plana 2 Ton 1 Metros
32907,Cinta Plana 1 Ton 1 Metro
32908,Cinta Plana 1 Ton 1 Metro
32569,Chicote 16 Amp. 4 Pinos - 32 Amp. 4 Pinos
31775,Chicote CEE - Schuko Triplo
32909,Cinta Plana 1 Ton 1 Metro
32926,Cinta Plana 2 Ton 1 Metros
32570,Chicote 16 Amp. 4 Pinos - 32 Amp. 4 Pinos
32914,Cinta Plana 1 Ton 1 Metro
32571,Chicote 16 Amp. 4 Pinos - 32 Amp. 4 Pinos
3066,Extensão Tripla 220V
32368,"Cinta Plana 1 Ton 1,5 Metros"
32369,"Cinta Plana 1 Ton 1,5 Metros"
32370,"Cinta Plana 1 Ton 1,5 Metros"
3610,Extensão Tripla 220V
61196,Cinta Plana 1 Ton 1 Metro
5727,Extensão de Alicate
61197,Cinta Plana 1 Ton 1 Metro
51241,Nível de precisão horizontal
61198,Cinta Plana 1 Ton 1 Metro
22508,"Puxa 0,75 Ton (Diferencial Manual Alavanca / Camelão)"
18982,Chicote 16 Amp. 4 Pinos - 32 Amp. 4 Pinos
15097,"Elétrodo E6013 3,2 mm"
28117,Extensão Tripla 220V
3466,Rebolo (Retificadora direta)
5542,Diferencial de 1 Ton
23532,Diferencial de 1 Ton
18984,Chicote 32 Amp. 5 Pinos - 63 Amp. 5 Pinos
5236,Extensão 63 Amp. 4 Pinos
6234,Antiqueda com chicote em V com amortecedor/absorvedor
3818,Extensão 16 Amp. 5 Pinos
4320,Retificadora a bateria diam. 125 mm
53203,Cinta Plana 2 Ton 2 Metros
4411,Berbequim a bateria
5566,Chicote CEE - Schuko Simples
8425,Extensão Tripla 220V - Perdido CT30
10433,Chicote 32 Amp. 5 Pinos - 32 Amp. 4 Pinos - Perdido CT30
8453,Chicote CEE - Schuko Triplo
33585,Cinta Plana 2 Ton 2 Metros
23124,Extensão Tripla 220V
33616,Cinta Plana 3 Ton 1.5 Metros
33072,Cinta Plana 3 Ton 1 Metros
33063,Cinta Plana 3 Ton 1 Metros
33593,Cinta Plana 2 Ton 2 Metros
37731,Cinta Redonda 4 Ton 2 Metros
13814,"Aparafusadora de impacto 1/2"""
37727,Cinta Redonda 4 Ton 1 Metros
26198,Antiqueda com chicote em V com amortecedor/absorvedor
37728,Cinta Redonda 4 Ton 1 Metros
63266,Berbequim a bateria
11244,Cinta Plana 3 Ton 1 Metros- Perdido CT 30 14/04/2023
23151,Diferencial de 1 Ton
9086,"Aparafusadora de Impacto a bateria 1/2"""
8314,Bomba Hidráulica 700 bar
5122,"Puxa 0,75 Ton (Diferencial Manual Alavanca / Camelão)"
5957,Projetor LED a bateria
5459,Caixa de Ferramenta Mecânico
13608,Extensão Tripla 220V
9972,Arnês de Segurança
8378,"Manilha de 3/4"""
7848,Cinta Plana 4 Ton 6 Metros
8374,"Manilha de 3/4"""
8584,"Cinta Plana 2 Ton 1,5 Metros"
11621,Cinta Plana 2 Ton 1 Metro
8373,"Manilha de 3/4"""
8583,"Cinta Plana 2 Ton 1,5 Metros"
8375,"Manilha de 3/4"""
8580,"Cinta Plana 2 Ton 1,5 Metros"
29581,Cabo Elétrico H07RN-F(FBBN) 5G4
12938,Retificadora diam. 230 mm
20631,Chicote CEE - Schuko Triplo
13174,Extensão Tripla 220V
4231,Extensão 16 Amp. 5 Pinos
6074,Extrator / Ventilador de Ar
23153,Diferencial de 1 Ton
21495,Projetor LED
59455,Cinta Plana 1 Ton 1 Metro
29248,(NÃO USAR) Jogo Espevitador para limpeza Bicos de Maçarico
32850,Chicote CEE - Schuko Triplo
23148,Diferencial de 1 Ton
2910,Extensão Tripla 220V
33888,Projetor LED 80W
33900,Carro duplo de transporte de gás
33611,Extensão Tripla 220V
33903,Retificadora diam. 230 mm
33904,Retificadora diam. 230 mm
52167,Aparelho de soldar
33610,Extensão Tripla 220V
33898,Projetor LED 150W
33910,Extensão Tripla 220V
33912,Extensão Tripla 220V
22491,"Puxa 1,5 Ton (Diferencial Manual Alavanca / Camelão)"
9099,Projetor LED a bateria
26114,Cinta Plana 4 Ton 4 Metros
4907,Serra-Sabre a bateria
3283,Diferencial de 1 Ton
26835,"Puxa 0,75 Ton (Diferencial Manual Alavanca / Camelão) - Perdido Contentor 27"
53956,Retificadora diam. 230 mm
13833,Caixa de ferramenta Serralheiro
5572,Chicote CEE - Schuko Triplo - Perdido Contentor 30
24291,Toldo de 40 a 60m2
22511,"Puxa 0,75 Ton (Diferencial Manual Alavanca / Camelão)"
12543,Mangueira de Ar
7476,Chicote 63 Amp. 5 Pinos - 32 Amp. 4 Pinos
4705,Rebolo (Retificadora direta)
25839,Mangueira de Ar (branca)
31881,Caixa de Ferramenta Mecânico
10345,"Jogo de Chaves de Caixa 1/2"" com roquete"
10347,"Jogo de Chaves de Caixa 3/4"" com roquete"
4031,"Aparafusadora de impacto 3/4"""
8579,"Cinta Plana 2 Ton 1,5 Metros"
15461,Retificadora diam. 125 mm (sistema homem morto)
8383,"Manilha de 5/8""_Não picado obra_230081_1/7/2023"
13994,Extensão Tripla 220V
10333,Extensão 32 Amp. 4 Pinos
9081,"Aparafusadora de Impacto a bateria 1/2"""
7485,Chicote 32 Amp. 5 Pinos - 32 Amp. 4 Pinos
2365,Aparelho de soldar
4229,Extensão 16 Amp. 5 Pinos
36472,"Aparafusadora de impacto a bateria 1"""
7045,"Puxa 1,5 Ton (Diferencial Manual Alavanca / Camelão)"
13158,Purgador e lubrificador de ar
5226,Chicote 63 Amp. 4 Pinos - 63 Amp. 5 Pinos
114325,Contentor de Lixo
8937,"Aparafusadora de Impacto a bateria 3/4"""
52223,"Jogo de Chaves de Caixa 1/2"" com roquete Métrico e Polegadas"
6148,"Puxa 0,75 Ton (Diferencial Manual Alavanca / Camelão)"
4612,Chicote CEE - Schuko Simples
14608,Mangueira de Ar
9095,Retificadora a bateria diam. 125 mm - Perdido Contentor 30
11768,Maçarico de corte (Lança de corte)
10425,Chicote 32 Amp. 4 Pinos - 16 Amp. 4 Pinos
23484,Chave de Estrelas Philips PH3 150x275 (grandes)
30685,Extensão de 24 Volt
30680,Extensão de 24 Volt
30682,Extensão de 24 Volt
30683,Extensão de 24 Volt
30684,Extensão de 24 Volt
31330,Cinta Plana 8 Ton 10 Metros
8173,Arnês de Segurança
22487,"Puxa 1,5 Ton (Diferencial Manual Alavanca / Camelão)"
87704,Conjunto Chave Pancada Luneta em Polegadas
4954,Chicote 63 Amp. 4 Pinos - 32 Amp. 4 Pinos
5663,Berbequim de ferro
9353,Bomba Hidráulica 700 bar
9875,Arnês de Segurança
23416,Tocha de plasma (Lincoln)
23415,Máquina de corte a plasma
17555,Extintor Pó-Químico ABC
23161,Diferencial de 1 Ton
52352,Desandador manual machos N3
27784,Fresa WELDON HSS 26x30mm
24689,"Manilhas de 1+1/2"""
30501,Terminal de Olhal M3 Azul
5527,"Puxa 0,75 Ton (Diferencial Manual Alavanca / Camelão)"
6014,Extensão Tripla 220V
8445,Chicote CEE - Schuko Triplo
23071,"Chave de caixa sextavada 3/4"" 41 mm"
34747,Cinta Plana 2 Ton 2 Metros
15821,"Jogo de Chaves de Caixa 1"" com roquete"
5100,Diferencial de 1 Ton
6777,Diferencial de 1 Ton
10318,Aparelho de Soldar
6258,Arnês de Segurança
34072,Extensão 32 Amp. 4 Pinos
6229,Antiqueda com chicote em V com amortecedor/absorvedor
8675,Diferencial de 1 Ton
22501,"Puxa 1,5 Ton (Diferencial Manual Alavanca / Camelão)"
9503,Extensão Tripla 220V
11665,Extensão Tripla 220V
9047,Retificadora diam. 125 mm
20245,"Aparafusadora de impacto a bateria 1/2"""
8857,Mangueira de Oxicorte
9996,Antiqueda com chicote em V com amortecedor/absorvedor - Perdido CT30
8855,Mangueira de Oxicorte
16117,Antiqueda com chicote em V com amortecedor/absorvedor
31755,"Aparafusadora de impacto a bateria 1/2"""
4318,Retificadora a bateria diam. 125 mm
27975,Extensão Tripla 220V
23808,Baú de Arrumação
50498,Mangueira de Oxicorte
31322,Cinta Plana 8 Ton 10 Metros
5110,"Puxa 0,75 Ton (Diferencial Manual Alavanca / Camelão)"
13507,Aparelho de soldar TIG (com vrd)
